pais,year,codigo_iso,poblacion,PIB,variacion_biocombustibles_pct,variacion_biocombustibles_twh,biocombustibles_per_capita,consumo_biocombustibles,electricidad_biocombustibles_per_capita,electricidad_biocombustibles,participacion_biocombustibles_elec,participacion_biocombustibles_energia,intensidad_carbono_electricidad,variacion_carbon_pct,variacion_carbon_twh,carbon_per_capita,consumo_carbon,electricidad_carbon_per_capita,electricidad_carbon,variacion_produccion_carbon_pct,variacion_produccion_carbon_twh,produccion_carbon_per_capita,produccion_carbon,participacion_carbon_elec,participacion_carbon_energia,demanda_electricidad,generacion_electricidad,participacion_electricidad_energia,variacion_consumo_energia_pct,variacion_consumo_energia_twh,energia_per_capita,energia_por_pib,variacion_fosiles_pct,variacion_fosiles_twh,electricidad_fosil_per_capita,electricidad_fosil,energia_fosil_per_capita,consumo_combustibles_fosiles,participacion_fosil_elec,participacion_fosil_energia,variacion_gas_pct,variacion_gas_twh,consumo_gas,electricidad_gas_per_capita,electricidad_gas,energia_gas_per_capita,variacion_produccion_gas_pct,variacion_produccion_gas_twh,produccion_gas_per_capita,produccion_gas,participacion_gas_elec,participacion_gas_energia,emisiones_gases_efecto_invernadero,variacion_hidroelectrica_pct,variacion_hidroelectrica_twh,consumo_hidroelectrica,electricidad_hidroelectrica_per_capita,electricidad_hidroelectrica,energia_hidroelectrica_per_capita,participacion_hidroelectrica_elec,participacion_hidroelectrica_energia,variacion_baja_emision_pct,variacion_baja_emision_twh,consumo_baja_emision,electricidad_baja_emision_per_capita,electricidad_baja_emision,energia_baja_emision_per_capita,participacion_baja_emision_elec,participacion_baja_emision_energia,importaciones_netas_electricidad,participacion_importaciones_demand,variacion_nuclear_pct,variacion_nuclear_twh,consumo_nuclear,electricidad_nuclear_per_capita,electricidad_nuclear,energia_nuclear_per_capita,participacion_nuclear_elec,participacion_nuclear_energia,variacion_petroleo_pct,variacion_petroleo_twh,consumo_petroleo,electricidad_petroleo_per_capita,electricidad_petroleo,energia_petroleo_per_capita,variacion_produccion_petroleo_pct,variacion_produccion_petroleo_twh,produccion_petroleo_per_capita,produccion_petroleo,participacion_petroleo_elec,participacion_petroleo_energia,consumo_otras_renovables,electricidad_otras_renovables,electricidad_otras_renovables_sin_biocombustibles,variacion_otras_renovables_pct,variacion_otras_renovables_twh,electricidad_otras_renovables_per_capita,electricidad_otras_renovables_sin_biocombustible_per_capita,energia_otras_renovables_per_capita,participacion_otras_renovables_elec,participacion_otras_renovables_elec_sin_biocombustibles,participacion_otras_renovables_energia,electricidad_per_capita,consumo_energia_primaria,variacion_renovables_pct,variacion_renovables_twh,consumo_renovables,electricidad_renovables_per_capita,electricidad_renovables,energia_renovables_per_capita,participacion_renovables_elec,participacion_renovables_energia,variacion_solar_pct,variacion_solar_twh,consumo_solar,electricidad_solar_per_capita,electricidad_solar,energia_solar_per_capita,participacion_solar_elec,participacion_solar_energia,variacion_eolica_pct,variacion_eolica_twh,consumo_eolico,electricidad_eolica_per_capita,electricidad_eolica,energia_eolica_per_capita,participacion_eolica_elec,participacion_eolica_energia
Colombia,1900,COL,4034733.0,4353822208.0,0.0,0.0,0.0,0.0,0.0,0.0,0.0,0.0,0.0,0.0,0.0,0.0,0.0,0.0,0.0,0.0,0.0,0.0,0.0,0.0,0.0,0.0,0.0,0.0,0.0,0.0,0.0,0.0,0.0,0.0,0.0,0.0,0.0,0.0,0.0,0.0,0.0,0.0,0.0,0.0,0.0,0.0,0.0,0.0,0.0,0.0,0.0,0.0,0.0,0.0,0.0,0.0,0.0,0.0,0.0,0.0,0.0,0.0,0.0,0.0,0.0,0.0,0.0,0.0,0.0,0.0,0.0,0.0,0.0,0.0,0.0,0.0,0.0,0.0,0.0,0.0,0.0,0.0,0.0,0.0,0.0,0.0,0.0,0.0,0.0,0.0,0.0,0.0,0.0,0.0,0.0,0.0,0.0,0.0,0.0,0.0,0.0,0.0,0.0,0.0,0.0,0.0,0.0,0.0,0.0,0.0,0.0,0.0,0.0,0.0,0.0,0.0,0.0,0.0,0.0,0.0,0.0,0.0,0.0,0.0,0.0,0.0,0.0,0.0
Colombia,1901,COL,4112556.0,4413477888.0,0.0,0.0,0.0,0.0,0.0,0.0,0.0,0.0,0.0,0.0,0.0,0.0,0.0,0.0,0.0,0.0,0.0,0.0,0.0,0.0,0.0,0.0,0.0,0.0,0.0,0.0,0.0,0.0,0.0,0.0,0.0,0.0,0.0,0.0,0.0,0.0,0.0,0.0,0.0,0.0,0.0,0.0,0.0,0.0,0.0,0.0,0.0,0.0,0.0,0.0,0.0,0.0,0.0,0.0,0.0,0.0,0.0,0.0,0.0,0.0,0.0,0.0,0.0,0.0,0.0,0.0,0.0,0.0,0.0,0.0,0.0,0.0,0.0,0.0,0.0,0.0,0.0,0.0,0.0,0.0,0.0,0.0,0.0,0.0,0.0,0.0,0.0,0.0,0.0,0.0,0.0,0.0,0.0,0.0,0.0,0.0,0.0,0.0,0.0,0.0,0.0,0.0,0.0,0.0,0.0,0.0,0.0,0.0,0.0,0.0,0.0,0.0,0.0,0.0,0.0,0.0,0.0,0.0,0.0,0.0,0.0,0.0,0.0,0.0
Colombia,1902,COL,4194368.0,4486636032.0,0.0,0.0,0.0,0.0,0.0,0.0,0.0,0.0,0.0,0.0,0.0,0.0,0.0,0.0,0.0,0.0,0.0,0.0,0.0,0.0,0.0,0.0,0.0,0.0,0.0,0.0,0.0,0.0,0.0,0.0,0.0,0.0,0.0,0.0,0.0,0.0,0.0,0.0,0.0,0.0,0.0,0.0,0.0,0.0,0.0,0.0,0.0,0.0,0.0,0.0,0.0,0.0,0.0,0.0,0.0,0.0,0.0,0.0,0.0,0.0,0.0,0.0,0.0,0.0,0.0,0.0,0.0,0.0,0.0,0.0,0.0,0.0,0.0,0.0,0.0,0.0,0.0,0.0,0.0,0.0,0.0,0.0,0.0,0.0,0.0,0.0,0.0,0.0,0.0,0.0,0.0,0.0,0.0,0.0,0.0,0.0,0.0,0.0,0.0,0.0,0.0,0.0,0.0,0.0,0.0,0.0,0.0,0.0,0.0,0.0,0.0,0.0,0.0,0.0,0.0,0.0,0.0,0.0,0.0,0.0,0.0,0.0,0.0,0.0
Colombia,1903,COL,4280293.0,4548536832.0,0.0,0.0,0.0,0.0,0.0,0.0,0.0,0.0,0.0,0.0,0.0,0.0,0.0,0.0,0.0,0.0,0.0,0.0,0.0,0.0,0.0,0.0,0.0,0.0,0.0,0.0,0.0,0.0,0.0,0.0,0.0,0.0,0.0,0.0,0.0,0.0,0.0,0.0,0.0,0.0,0.0,0.0,0.0,0.0,0.0,0.0,0.0,0.0,0.0,0.0,0.0,0.0,0.0,0.0,0.0,0.0,0.0,0.0,0.0,0.0,0.0,0.0,0.0,0.0,0.0,0.0,0.0,0.0,0.0,0.0,0.0,0.0,0.0,0.0,0.0,0.0,0.0,0.0,0.0,0.0,0.0,0.0,0.0,0.0,0.0,0.0,0.0,0.0,0.0,0.0,0.0,0.0,0.0,0.0,0.0,0.0,0.0,0.0,0.0,0.0,0.0,0.0,0.0,0.0,0.0,0.0,0.0,0.0,0.0,0.0,0.0,0.0,0.0,0.0,0.0,0.0,0.0,0.0,0.0,0.0,0.0,0.0,0.0,0.0
Colombia,1904,COL,4367979.0,4620043776.0,0.0,0.0,0.0,0.0,0.0,0.0,0.0,0.0,0.0,0.0,0.0,0.0,0.0,0.0,0.0,0.0,0.0,0.0,0.0,0.0,0.0,0.0,0.0,0.0,0.0,0.0,0.0,0.0,0.0,0.0,0.0,0.0,0.0,0.0,0.0,0.0,0.0,0.0,0.0,0.0,0.0,0.0,0.0,0.0,0.0,0.0,0.0,0.0,0.0,0.0,0.0,0.0,0.0,0.0,0.0,0.0,0.0,0.0,0.0,0.0,0.0,0.0,0.0,0.0,0.0,0.0,0.0,0.0,0.0,0.0,0.0,0.0,0.0,0.0,0.0,0.0,0.0,0.0,0.0,0.0,0.0,0.0,0.0,0.0,0.0,0.0,0.0,0.0,0.0,0.0,0.0,0.0,0.0,0.0,0.0,0.0,0.0,0.0,0.0,0.0,0.0,0.0,0.0,0.0,0.0,0.0,0.0,0.0,0.0,0.0,0.0,0.0,0.0,0.0,0.0,0.0,0.0,0.0,0.0,0.0,0.0,0.0,0.0,0.0
Colombia,1905,COL,4457462.0,4696163840.0,0.0,0.0,0.0,0.0,0.0,0.0,0.0,0.0,0.0,0.0,0.0,0.0,0.0,0.0,0.0,0.0,0.0,0.0,0.0,0.0,0.0,0.0,0.0,0.0,0.0,0.0,0.0,0.0,0.0,0.0,0.0,0.0,0.0,0.0,0.0,0.0,0.0,0.0,0.0,0.0,0.0,0.0,0.0,0.0,0.0,0.0,0.0,0.0,0.0,0.0,0.0,0.0,0.0,0.0,0.0,0.0,0.0,0.0,0.0,0.0,0.0,0.0,0.0,0.0,0.0,0.0,0.0,0.0,0.0,0.0,0.0,0.0,0.0,0.0,0.0,0.0,0.0,0.0,0.0,0.0,0.0,0.0,0.0,0.0,0.0,0.0,0.0,0.0,0.0,0.0,0.0,0.0,0.0,0.0,0.0,0.0,0.0,0.0,0.0,0.0,0.0,0.0,0.0,0.0,0.0,0.0,0.0,0.0,0.0,0.0,0.0,0.0,0.0,0.0,0.0,0.0,0.0,0.0,0.0,0.0,0.0,0.0,0.0,0.0
Colombia,1906,COL,4548777.0,4827840000.0,0.0,0.0,0.0,0.0,0.0,0.0,0.0,0.0,0.0,0.0,0.0,0.0,0.0,0.0,0.0,0.0,0.0,0.0,0.0,0.0,0.0,0.0,0.0,0.0,0.0,0.0,0.0,0.0,0.0,0.0,0.0,0.0,0.0,0.0,0.0,0.0,0.0,0.0,0.0,0.0,0.0,0.0,0.0,0.0,0.0,0.0,0.0,0.0,0.0,0.0,0.0,0.0,0.0,0.0,0.0,0.0,0.0,0.0,0.0,0.0,0.0,0.0,0.0,0.0,0.0,0.0,0.0,0.0,0.0,0.0,0.0,0.0,0.0,0.0,0.0,0.0,0.0,0.0,0.0,0.0,0.0,0.0,0.0,0.0,0.0,0.0,0.0,0.0,0.0,0.0,0.0,0.0,0.0,0.0,0.0,0.0,0.0,0.0,0.0,0.0,0.0,0.0,0.0,0.0,0.0,0.0,0.0,0.0,0.0,0.0,0.0,0.0,0.0,0.0,0.0,0.0,0.0,0.0,0.0,0.0,0.0,0.0,0.0,0.0
Colombia,1907,COL,4641963.0,5151876096.0,0.0,0.0,0.0,0.0,0.0,0.0,0.0,0.0,0.0,0.0,0.0,0.0,0.0,0.0,0.0,0.0,0.0,0.0,0.0,0.0,0.0,0.0,0.0,0.0,0.0,0.0,0.0,0.0,0.0,0.0,0.0,0.0,0.0,0.0,0.0,0.0,0.0,0.0,0.0,0.0,0.0,0.0,0.0,0.0,0.0,0.0,0.0,0.0,0.0,0.0,0.0,0.0,0.0,0.0,0.0,0.0,0.0,0.0,0.0,0.0,0.0,0.0,0.0,0.0,0.0,0.0,0.0,0.0,0.0,0.0,0.0,0.0,0.0,0.0,0.0,0.0,0.0,0.0,0.0,0.0,0.0,0.0,0.0,0.0,0.0,0.0,0.0,0.0,0.0,0.0,0.0,0.0,0.0,0.0,0.0,0.0,0.0,0.0,0.0,0.0,0.0,0.0,0.0,0.0,0.0,0.0,0.0,0.0,0.0,0.0,0.0,0.0,0.0,0.0,0.0,0.0,0.0,0.0,0.0,0.0,0.0,0.0,0.0,0.0
Colombia,1908,COL,4737057.0,5448520192.0,0.0,0.0,0.0,0.0,0.0,0.0,0.0,0.0,0.0,0.0,0.0,0.0,0.0,0.0,0.0,0.0,0.0,0.0,0.0,0.0,0.0,0.0,0.0,0.0,0.0,0.0,0.0,0.0,0.0,0.0,0.0,0.0,0.0,0.0,0.0,0.0,0.0,0.0,0.0,0.0,0.0,0.0,0.0,0.0,0.0,0.0,0.0,0.0,0.0,0.0,0.0,0.0,0.0,0.0,0.0,0.0,0.0,0.0,0.0,0.0,0.0,0.0,0.0,0.0,0.0,0.0,0.0,0.0,0.0,0.0,0.0,0.0,0.0,0.0,0.0,0.0,0.0,0.0,0.0,0.0,0.0,0.0,0.0,0.0,0.0,0.0,0.0,0.0,0.0,0.0,0.0,0.0,0.0,0.0,0.0,0.0,0.0,0.0,0.0,0.0,0.0,0.0,0.0,0.0,0.0,0.0,0.0,0.0,0.0,0.0,0.0,0.0,0.0,0.0,0.0,0.0,0.0,0.0,0.0,0.0,0.0,0.0,0.0,0.0
Colombia,1909,COL,4837936.0,5737221120.0,0.0,0.0,0.0,0.0,0.0,0.0,0.0,0.0,0.0,0.0,0.0,0.0,0.0,0.0,0.0,0.0,0.0,0.0,0.0,0.0,0.0,0.0,0.0,0.0,0.0,0.0,0.0,0.0,0.0,0.0,0.0,0.0,0.0,0.0,0.0,0.0,0.0,0.0,0.0,0.0,0.0,0.0,0.0,0.0,0.0,0.0,0.0,0.0,0.0,0.0,0.0,0.0,0.0,0.0,0.0,0.0,0.0,0.0,0.0,0.0,0.0,0.0,0.0,0.0,0.0,0.0,0.0,0.0,0.0,0.0,0.0,0.0,0.0,0.0,0.0,0.0,0.0,0.0,0.0,0.0,0.0,0.0,0.0,0.0,0.0,0.0,0.0,0.0,0.0,0.0,0.0,0.0,0.0,0.0,0.0,0.0,0.0,0.0,0.0,0.0,0.0,0.0,0.0,0.0,0.0,0.0,0.0,0.0,0.0,0.0,0.0,0.0,0.0,0.0,0.0,0.0,0.0,0.0,0.0,0.0,0.0,0.0,0.0,0.0
Colombia,1910,COL,4944811.0,6073379840.0,0.0,0.0,0.0,0.0,0.0,0.0,0.0,0.0,0.0,0.0,0.0,0.0,0.0,0.0,0.0,0.0,0.0,0.0,0.0,0.0,0.0,0.0,0.0,0.0,0.0,0.0,0.0,0.0,0.0,0.0,0.0,0.0,0.0,0.0,0.0,0.0,0.0,0.0,0.0,0.0,0.0,0.0,0.0,0.0,0.0,0.0,0.0,0.0,0.0,0.0,0.0,0.0,0.0,0.0,0.0,0.0,0.0,0.0,0.0,0.0,0.0,0.0,0.0,0.0,0.0,0.0,0.0,0.0,0.0,0.0,0.0,0.0,0.0,0.0,0.0,0.0,0.0,0.0,0.0,0.0,0.0,0.0,0.0,0.0,0.0,0.0,0.0,0.0,0.0,0.0,0.0,0.0,0.0,0.0,0.0,0.0,0.0,0.0,0.0,0.0,0.0,0.0,0.0,0.0,0.0,0.0,0.0,0.0,0.0,0.0,0.0,0.0,0.0,0.0,0.0,0.0,0.0,0.0,0.0,0.0,0.0,0.0,0.0,0.0
Colombia,1911,COL,5057903.0,6377220096.0,0.0,0.0,0.0,0.0,0.0,0.0,0.0,0.0,0.0,0.0,0.0,0.0,0.0,0.0,0.0,0.0,0.0,0.0,0.0,0.0,0.0,0.0,0.0,0.0,0.0,0.0,0.0,0.0,0.0,0.0,0.0,0.0,0.0,0.0,0.0,0.0,0.0,0.0,0.0,0.0,0.0,0.0,0.0,0.0,0.0,0.0,0.0,0.0,0.0,0.0,0.0,0.0,0.0,0.0,0.0,0.0,0.0,0.0,0.0,0.0,0.0,0.0,0.0,0.0,0.0,0.0,0.0,0.0,0.0,0.0,0.0,0.0,0.0,0.0,0.0,0.0,0.0,0.0,0.0,0.0,0.0,0.0,0.0,0.0,0.0,0.0,0.0,0.0,0.0,0.0,0.0,0.0,0.0,0.0,0.0,0.0,0.0,0.0,0.0,0.0,0.0,0.0,0.0,0.0,0.0,0.0,0.0,0.0,0.0,0.0,0.0,0.0,0.0,0.0,0.0,0.0,0.0,0.0,0.0,0.0,0.0,0.0,0.0,0.0
Colombia,1912,COL,5177435.0,6704846848.0,0.0,0.0,0.0,0.0,0.0,0.0,0.0,0.0,0.0,0.0,0.0,0.0,0.0,0.0,0.0,0.0,0.0,0.0,0.0,0.0,0.0,0.0,0.0,0.0,0.0,0.0,0.0,0.0,0.0,0.0,0.0,0.0,0.0,0.0,0.0,0.0,0.0,0.0,0.0,0.0,0.0,0.0,0.0,0.0,0.0,0.0,0.0,0.0,0.0,0.0,0.0,0.0,0.0,0.0,0.0,0.0,0.0,0.0,0.0,0.0,0.0,0.0,0.0,0.0,0.0,0.0,0.0,0.0,0.0,0.0,0.0,0.0,0.0,0.0,0.0,0.0,0.0,0.0,0.0,0.0,0.0,0.0,0.0,0.0,0.0,0.0,0.0,0.0,0.0,0.0,0.0,0.0,0.0,0.0,0.0,0.0,0.0,0.0,0.0,0.0,0.0,0.0,0.0,0.0,0.0,0.0,0.0,0.0,0.0,0.0,0.0,0.0,0.0,0.0,0.0,0.0,0.0,0.0,0.0,0.0,0.0,0.0,0.0,0.0
Colombia,1913,COL,5303643.0,6997664768.0,0.0,0.0,0.0,0.0,0.0,0.0,0.0,0.0,0.0,0.0,0.0,0.0,0.0,0.0,0.0,0.0,0.0,0.0,0.0,0.0,0.0,0.0,0.0,0.0,0.0,0.0,0.0,0.0,0.0,0.0,0.0,0.0,0.0,0.0,0.0,0.0,0.0,0.0,0.0,0.0,0.0,0.0,0.0,0.0,0.0,0.0,0.0,0.0,0.0,0.0,0.0,0.0,0.0,0.0,0.0,0.0,0.0,0.0,0.0,0.0,0.0,0.0,0.0,0.0,0.0,0.0,0.0,0.0,0.0,0.0,0.0,0.0,0.0,0.0,0.0,0.0,0.0,0.0,0.0,0.0,0.0,0.0,0.0,0.0,0.0,0.0,0.0,0.0,0.0,0.0,0.0,0.0,0.0,0.0,0.0,0.0,0.0,0.0,0.0,0.0,0.0,0.0,0.0,0.0,0.0,0.0,0.0,0.0,0.0,0.0,0.0,0.0,0.0,0.0,0.0,0.0,0.0,0.0,0.0,0.0,0.0,0.0,0.0,0.0
Colombia,1914,COL,5432927.0,7312759808.0,0.0,0.0,0.0,0.0,0.0,0.0,0.0,0.0,0.0,0.0,0.0,0.0,0.0,0.0,0.0,0.0,0.0,0.0,0.0,0.0,0.0,0.0,0.0,0.0,0.0,0.0,0.0,0.0,0.0,0.0,0.0,0.0,0.0,0.0,0.0,0.0,0.0,0.0,0.0,0.0,0.0,0.0,0.0,0.0,0.0,0.0,0.0,0.0,0.0,0.0,0.0,0.0,0.0,0.0,0.0,0.0,0.0,0.0,0.0,0.0,0.0,0.0,0.0,0.0,0.0,0.0,0.0,0.0,0.0,0.0,0.0,0.0,0.0,0.0,0.0,0.0,0.0,0.0,0.0,0.0,0.0,0.0,0.0,0.0,0.0,0.0,0.0,0.0,0.0,0.0,0.0,0.0,0.0,0.0,0.0,0.0,0.0,0.0,0.0,0.0,0.0,0.0,0.0,0.0,0.0,0.0,0.0,0.0,0.0,0.0,0.0,0.0,0.0,0.0,0.0,0.0,0.0,0.0,0.0,0.0,0.0,0.0,0.0,0.0
Colombia,1915,COL,5565363.0,7693475840.0,0.0,0.0,0.0,0.0,0.0,0.0,0.0,0.0,0.0,0.0,0.0,0.0,0.0,0.0,0.0,0.0,0.0,0.0,0.0,0.0,0.0,0.0,0.0,0.0,0.0,0.0,0.0,0.0,0.0,0.0,0.0,0.0,0.0,0.0,0.0,0.0,0.0,0.0,0.0,0.0,0.0,0.0,0.0,0.0,0.0,0.0,0.0,0.0,0.0,0.0,0.0,0.0,0.0,0.0,0.0,0.0,0.0,0.0,0.0,0.0,0.0,0.0,0.0,0.0,0.0,0.0,0.0,0.0,0.0,0.0,0.0,0.0,0.0,0.0,0.0,0.0,0.0,0.0,0.0,0.0,0.0,0.0,0.0,0.0,0.0,0.0,0.0,0.0,0.0,0.0,0.0,0.0,0.0,0.0,0.0,0.0,0.0,0.0,0.0,0.0,0.0,0.0,0.0,0.0,0.0,0.0,0.0,0.0,0.0,0.0,0.0,0.0,0.0,0.0,0.0,0.0,0.0,0.0,0.0,0.0,0.0,0.0,0.0,0.0
Colombia,1916,COL,5701026.0,8144267776.0,0.0,0.0,0.0,0.0,0.0,0.0,0.0,0.0,0.0,0.0,0.0,0.0,0.0,0.0,0.0,0.0,0.0,0.0,0.0,0.0,0.0,0.0,0.0,0.0,0.0,0.0,0.0,0.0,0.0,0.0,0.0,0.0,0.0,0.0,0.0,0.0,0.0,0.0,0.0,0.0,0.0,0.0,0.0,0.0,0.0,0.0,0.0,0.0,0.0,0.0,0.0,0.0,0.0,0.0,0.0,0.0,0.0,0.0,0.0,0.0,0.0,0.0,0.0,0.0,0.0,0.0,0.0,0.0,0.0,0.0,0.0,0.0,0.0,0.0,0.0,0.0,0.0,0.0,0.0,0.0,0.0,0.0,0.0,0.0,0.0,0.0,0.0,0.0,0.0,0.0,0.0,0.0,0.0,0.0,0.0,0.0,0.0,0.0,0.0,0.0,0.0,0.0,0.0,0.0,0.0,0.0,0.0,0.0,0.0,0.0,0.0,0.0,0.0,0.0,0.0,0.0,0.0,0.0,0.0,0.0,0.0,0.0,0.0,0.0
Colombia,1917,COL,5839997.0,8527428096.0,0.0,0.0,0.0,0.0,0.0,0.0,0.0,0.0,0.0,0.0,0.0,0.0,0.0,0.0,0.0,0.0,0.0,0.0,0.0,0.0,0.0,0.0,0.0,0.0,0.0,0.0,0.0,0.0,0.0,0.0,0.0,0.0,0.0,0.0,0.0,0.0,0.0,0.0,0.0,0.0,0.0,0.0,0.0,0.0,0.0,0.0,0.0,0.0,0.0,0.0,0.0,0.0,0.0,0.0,0.0,0.0,0.0,0.0,0.0,0.0,0.0,0.0,0.0,0.0,0.0,0.0,0.0,0.0,0.0,0.0,0.0,0.0,0.0,0.0,0.0,0.0,0.0,0.0,0.0,0.0,0.0,0.0,0.0,0.0,0.0,0.0,0.0,0.0,0.0,0.0,0.0,0.0,0.0,0.0,0.0,0.0,0.0,0.0,0.0,0.0,0.0,0.0,0.0,0.0,0.0,0.0,0.0,0.0,0.0,0.0,0.0,0.0,0.0,0.0,0.0,0.0,0.0,0.0,0.0,0.0,0.0,0.0,0.0,0.0
Colombia,1918,COL,5981524.0,9061104640.0,0.0,0.0,0.0,0.0,0.0,0.0,0.0,0.0,0.0,0.0,0.0,0.0,0.0,0.0,0.0,0.0,0.0,0.0,0.0,0.0,0.0,0.0,0.0,0.0,0.0,0.0,0.0,0.0,0.0,0.0,0.0,0.0,0.0,0.0,0.0,0.0,0.0,0.0,0.0,0.0,0.0,0.0,0.0,0.0,0.0,0.0,0.0,0.0,0.0,0.0,0.0,0.0,0.0,0.0,0.0,0.0,0.0,0.0,0.0,0.0,0.0,0.0,0.0,0.0,0.0,0.0,0.0,0.0,0.0,0.0,0.0,0.0,0.0,0.0,0.0,0.0,0.0,0.0,0.0,0.0,0.0,0.0,0.0,0.0,0.0,0.0,0.0,0.0,0.0,0.0,0.0,0.0,0.0,0.0,0.0,0.0,0.0,0.0,0.0,0.0,0.0,0.0,0.0,0.0,0.0,0.0,0.0,0.0,0.0,0.0,0.0,0.0,0.0,0.0,0.0,0.0,0.0,0.0,0.0,0.0,0.0,0.0,0.0,0.0
Colombia,1919,COL,6126807.0,9865224192.0,0.0,0.0,0.0,0.0,0.0,0.0,0.0,0.0,0.0,0.0,0.0,0.0,0.0,0.0,0.0,0.0,0.0,0.0,0.0,0.0,0.0,0.0,0.0,0.0,0.0,0.0,0.0,0.0,0.0,0.0,0.0,0.0,0.0,0.0,0.0,0.0,0.0,0.0,0.0,0.0,0.0,0.0,0.0,0.0,0.0,0.0,0.0,0.0,0.0,0.0,0.0,0.0,0.0,0.0,0.0,0.0,0.0,0.0,0.0,0.0,0.0,0.0,0.0,0.0,0.0,0.0,0.0,0.0,0.0,0.0,0.0,0.0,0.0,0.0,0.0,0.0,0.0,0.0,0.0,0.0,0.0,0.0,0.0,0.0,0.0,0.0,0.0,0.0,0.0,0.0,0.0,0.0,0.0,0.0,0.0,0.0,0.0,0.0,0.0,0.0,0.0,0.0,0.0,0.0,0.0,0.0,0.0,0.0,0.0,0.0,0.0,0.0,0.0,0.0,0.0,0.0,0.0,0.0,0.0,0.0,0.0,0.0,0.0,0.0
Colombia,1920,COL,6275946.0,10605590528.0,0.0,0.0,0.0,0.0,0.0,0.0,0.0,0.0,0.0,0.0,0.0,0.0,0.0,0.0,0.0,0.0,0.0,0.0,0.0,0.0,0.0,0.0,0.0,0.0,0.0,0.0,0.0,0.0,0.0,0.0,0.0,0.0,0.0,0.0,0.0,0.0,0.0,0.0,0.0,0.0,0.0,0.0,0.0,0.0,0.0,0.0,0.0,0.0,0.0,0.0,0.0,0.0,0.0,0.0,0.0,0.0,0.0,0.0,0.0,0.0,0.0,0.0,0.0,0.0,0.0,0.0,0.0,0.0,0.0,0.0,0.0,0.0,0.0,0.0,0.0,0.0,0.0,0.0,0.0,0.0,0.0,0.0,0.0,0.0,0.0,0.0,0.0,0.0,0.0,0.0,0.0,0.0,0.0,0.0,0.0,0.0,0.0,0.0,0.0,0.0,0.0,0.0,0.0,0.0,0.0,0.0,0.0,0.0,0.0,0.0,0.0,0.0,0.0,0.0,0.0,0.0,0.0,0.0,0.0,0.0,0.0,0.0,0.0,0.0
Colombia,1921,COL,6429040.0,11275606016.0,0.0,0.0,0.0,0.0,0.0,0.0,0.0,0.0,0.0,0.0,0.0,0.0,0.0,0.0,0.0,0.0,0.0,0.0,0.0,0.0,0.0,0.0,0.0,0.0,0.0,0.0,0.0,0.0,0.0,0.0,0.0,0.0,0.0,0.0,0.0,0.0,0.0,0.0,0.0,0.0,0.0,0.0,0.0,0.0,0.0,0.0,0.0,0.0,0.0,0.0,0.0,0.0,0.0,0.0,0.0,0.0,0.0,0.0,0.0,0.0,0.0,0.0,0.0,0.0,0.0,0.0,0.0,0.0,0.0,0.0,0.0,0.0,0.0,0.0,0.0,0.0,0.0,0.0,0.0,0.0,0.0,0.0,0.116,18.09,0.116,0.0,0.0,0.0,0.0,0.0,0.0,0.0,0.0,0.0,0.0,0.0,0.0,0.0,0.0,0.0,0.0,0.0,0.0,0.0,0.0,0.0,0.0,0.0,0.0,0.0,0.0,0.0,0.0,0.0,0.0,0.0,0.0,0.0,0.0,0.0,0.0,0.0,0.0,0.0
Colombia,1922,COL,6586195.0,12103689216.0,0.0,0.0,0.0,0.0,0.0,0.0,0.0,0.0,0.0,0.0,0.0,0.0,0.0,0.0,0.0,0.0,0.0,0.0,0.0,0.0,0.0,0.0,0.0,0.0,0.0,0.0,0.0,0.0,0.0,0.0,0.0,0.0,0.0,0.0,0.0,0.0,0.0,0.0,0.0,0.0,0.0,0.0,0.0,0.0,0.0,0.0,0.0,0.0,0.0,0.0,0.0,0.0,0.0,0.0,0.0,0.0,0.0,0.0,0.0,0.0,0.0,0.0,0.0,0.0,0.0,0.0,0.0,0.0,0.0,0.0,0.0,0.0,0.0,0.0,0.0,0.0,0.0,0.0,0.0,0.0,0.0,360.0,0.419,81.227,0.535,0.0,0.0,0.0,0.0,0.0,0.0,0.0,0.0,0.0,0.0,0.0,0.0,0.0,0.0,0.0,0.0,0.0,0.0,0.0,0.0,0.0,0.0,0.0,0.0,0.0,0.0,0.0,0.0,0.0,0.0,0.0,0.0,0.0,0.0,0.0,0.0,0.0,0.0,0.0
Colombia,1923,COL,6747518.0,12948370432.0,0.0,0.0,0.0,0.0,0.0,0.0,0.0,0.0,0.0,0.0,0.0,0.0,0.0,0.0,0.0,0.0,0.0,0.0,0.0,0.0,0.0,0.0,0.0,0.0,0.0,0.0,0.0,0.0,0.0,0.0,0.0,0.0,0.0,0.0,0.0,0.0,0.0,0.0,0.0,0.0,0.0,0.0,0.0,0.0,0.0,0.0,0.0,0.0,0.0,0.0,0.0,0.0,0.0,0.0,0.0,0.0,0.0,0.0,0.0,0.0,0.0,0.0,0.0,0.0,0.0,0.0,0.0,0.0,0.0,0.0,0.0,0.0,0.0,0.0,0.0,0.0,0.0,0.0,0.0,0.0,0.0,32.609,0.174,105.139,0.709,0.0,0.0,0.0,0.0,0.0,0.0,0.0,0.0,0.0,0.0,0.0,0.0,0.0,0.0,0.0,0.0,0.0,0.0,0.0,0.0,0.0,0.0,0.0,0.0,0.0,0.0,0.0,0.0,0.0,0.0,0.0,0.0,0.0,0.0,0.0,0.0,0.0,0.0,0.0
Colombia,1924,COL,6912793.0,13763999744.0,0.0,0.0,0.0,0.0,0.0,0.0,0.0,0.0,0.0,0.0,0.0,0.0,0.0,0.0,0.0,0.0,0.0,0.0,0.0,0.0,0.0,0.0,0.0,0.0,0.0,0.0,0.0,0.0,0.0,0.0,0.0,0.0,0.0,0.0,0.0,0.0,0.0,0.0,0.0,0.0,0.0,0.0,0.0,0.0,0.0,0.0,0.0,0.0,0.0,0.0,0.0,0.0,0.0,0.0,0.0,0.0,0.0,0.0,0.0,0.0,0.0,0.0,0.0,0.0,0.0,0.0,0.0,0.0,0.0,0.0,0.0,0.0,0.0,0.0,0.0,0.0,0.0,0.0,0.0,0.0,0.0,4.918,0.035,107.673,0.744,0.0,0.0,0.0,0.0,0.0,0.0,0.0,0.0,0.0,0.0,0.0,0.0,0.0,0.0,0.0,0.0,0.0,0.0,0.0,0.0,0.0,0.0,0.0,0.0,0.0,0.0,0.0,0.0,0.0,0.0,0.0,0.0,0.0,0.0,0.0,0.0,0.0,0.0,0.0
Colombia,1925,COL,7082116.0,14122000384.0,0.0,0.0,0.0,0.0,0.0,0.0,0.0,0.0,0.0,0.0,0.0,0.0,0.0,0.0,0.0,0.0,0.0,0.0,0.0,0.0,0.0,0.0,0.0,0.0,0.0,0.0,0.0,0.0,0.0,0.0,0.0,0.0,0.0,0.0,0.0,0.0,0.0,0.0,0.0,0.0,0.0,0.0,0.0,0.0,0.0,0.0,0.0,0.0,0.0,0.0,0.0,0.0,0.0,0.0,0.0,0.0,0.0,0.0,0.0,0.0,0.0,0.0,0.0,0.0,0.0,0.0,0.0,0.0,0.0,0.0,0.0,0.0,0.0,0.0,0.0,0.0,0.0,0.0,0.0,0.0,0.0,125.0,0.93,236.472,1.675,0.0,0.0,0.0,0.0,0.0,0.0,0.0,0.0,0.0,0.0,0.0,0.0,0.0,0.0,0.0,0.0,0.0,0.0,0.0,0.0,0.0,0.0,0.0,0.0,0.0,0.0,0.0,0.0,0.0,0.0,0.0,0.0,0.0,0.0,0.0,0.0,0.0,0.0,0.0
Colombia,1926,COL,7255586.0,15471047680.0,0.0,0.0,0.0,0.0,0.0,0.0,0.0,0.0,0.0,0.0,0.0,0.0,0.0,0.0,0.0,0.0,0.0,0.0,0.0,0.0,0.0,0.0,0.0,0.0,0.0,0.0,0.0,0.0,0.0,0.0,0.0,0.0,0.0,0.0,0.0,0.0,0.0,0.0,0.0,0.0,0.0,0.0,0.0,0.0,0.0,0.0,0.0,0.0,0.0,0.0,0.0,0.0,0.0,0.0,0.0,0.0,0.0,0.0,0.0,0.0,0.0,0.0,0.0,0.0,0.0,0.0,0.0,0.0,0.0,0.0,0.0,0.0,0.0,0.0,0.0,0.0,0.0,0.0,0.0,0.0,0.0,538.889,9.025,1474.671,10.7,0.0,0.0,0.0,0.0,0.0,0.0,0.0,0.0,0.0,0.0,0.0,0.0,0.0,0.0,0.0,0.0,0.0,0.0,0.0,0.0,0.0,0.0,0.0,0.0,0.0,0.0,0.0,0.0,0.0,0.0,0.0,0.0,0.0,0.0,0.0,0.0,0.0,0.0,0.0
Colombia,1927,COL,7433305.0,16868370432.0,0.0,0.0,0.0,0.0,0.0,0.0,0.0,0.0,0.0,0.0,0.0,0.0,0.0,0.0,0.0,0.0,0.0,0.0,0.0,0.0,0.0,0.0,0.0,0.0,0.0,0.0,0.0,0.0,0.0,0.0,0.0,0.0,0.0,0.0,0.0,0.0,0.0,0.0,0.0,0.0,0.0,0.0,0.0,0.0,0.0,0.0,0.0,0.0,0.0,0.0,0.0,0.0,0.0,0.0,0.0,0.0,0.0,0.0,0.0,0.0,0.0,0.0,0.0,0.0,0.0,0.0,0.0,0.0,0.0,0.0,0.0,0.0,0.0,0.0,0.0,0.0,0.0,0.0,0.0,0.0,0.0,133.043,14.235,3354.459,24.935,0.0,0.0,0.0,0.0,0.0,0.0,0.0,0.0,0.0,0.0,0.0,0.0,0.0,0.0,0.0,0.0,0.0,0.0,0.0,0.0,0.0,0.0,0.0,0.0,0.0,0.0,0.0,0.0,0.0,0.0,0.0,0.0,0.0,0.0,0.0,0.0,0.0,0.0,0.0
Colombia,1928,COL,7615377.0,18107000832.0,0.0,0.0,0.0,0.0,0.0,0.0,0.0,0.0,0.0,0.0,0.0,0.0,0.0,0.0,0.0,0.0,0.814,106.902,0.814,0.0,0.0,0.0,0.0,0.0,0.0,0.0,0.0,0.0,0.0,0.0,0.0,0.0,0.0,0.0,0.0,0.0,0.0,0.0,0.0,0.0,0.0,0.0,0.0,0.0,0.0,0.0,0.0,0.0,0.0,0.0,0.0,0.0,0.0,0.0,0.0,0.0,0.0,0.0,0.0,0.0,0.0,0.0,0.0,0.0,0.0,0.0,0.0,0.0,0.0,0.0,0.0,0.0,0.0,0.0,0.0,0.0,0.0,0.0,0.0,0.0,0.0,32.509,8.106,4338.699,33.041,0.0,0.0,0.0,0.0,0.0,0.0,0.0,0.0,0.0,0.0,0.0,0.0,0.0,0.0,0.0,0.0,0.0,0.0,0.0,0.0,0.0,0.0,0.0,0.0,0.0,0.0,0.0,0.0,0.0,0.0,0.0,0.0,0.0,0.0,0.0,0.0,0.0,0.0,0.0
Colombia,1929,COL,7786555.0,18762579968.0,0.0,0.0,0.0,0.0,0.0,0.0,0.0,0.0,0.0,0.0,0.0,0.0,0.0,0.0,0.0,0.0,0.0,104.552,0.814,0.0,0.0,0.0,0.0,0.0,0.0,0.0,0.0,0.0,0.0,0.0,0.0,0.0,0.0,0.0,0.0,0.0,0.0,0.0,0.0,0.0,0.0,0.0,0.0,0.0,0.0,0.0,0.0,0.0,0.0,0.0,0.0,0.0,0.0,0.0,0.0,0.0,0.0,0.0,0.0,0.0,0.0,0.0,0.0,0.0,0.0,0.0,0.0,0.0,0.0,0.0,0.0,0.0,0.0,0.0,0.0,0.0,0.0,0.0,0.0,0.0,0.0,2.464,0.814,4347.87,33.855,0.0,0.0,0.0,0.0,0.0,0.0,0.0,0.0,0.0,0.0,0.0,0.0,0.0,0.0,0.0,0.0,0.0,0.0,0.0,0.0,0.0,0.0,0.0,0.0,0.0,0.0,0.0,0.0,0.0,0.0,0.0,0.0,0.0,0.0,0.0,0.0,0.0,0.0,0.0
Colombia,1930,COL,7946343.0,18597900288.0,0.0,0.0,0.0,0.0,0.0,0.0,0.0,0.0,0.0,0.0,0.0,0.0,0.0,0.0,0.0,0.0,0.0,102.45,0.814,0.0,0.0,0.0,0.0,0.0,0.0,0.0,0.0,0.0,0.0,0.0,0.0,0.0,0.0,0.0,0.0,0.0,0.0,0.0,0.0,0.0,0.0,0.0,0.0,0.0,0.0,0.0,0.0,0.0,0.0,0.0,0.0,0.0,0.0,0.0,0.0,0.0,0.0,0.0,0.0,0.0,0.0,0.0,0.0,0.0,0.0,0.0,0.0,0.0,0.0,0.0,0.0,0.0,0.0,0.0,0.0,0.0,0.0,0.0,0.0,0.0,0.0,-4.431,-1.5,4071.642,32.355,0.0,0.0,0.0,0.0,0.0,0.0,0.0,0.0,0.0,0.0,0.0,0.0,0.0,0.0,0.0,0.0,0.0,0.0,0.0,0.0,0.0,0.0,0.0,0.0,0.0,0.0,0.0,0.0,0.0,0.0,0.0,0.0,0.0,0.0,0.0,0.0,0.0,0.0,0.0
Colombia,1931,COL,8094230.0,18484772864.0,0.0,0.0,0.0,0.0,0.0,0.0,0.0,0.0,0.0,0.0,0.0,0.0,0.0,0.0,0.0,-100.0,-0.814,0.0,0.0,0.0,0.0,0.0,0.0,0.0,0.0,0.0,0.0,0.0,0.0,0.0,0.0,0.0,0.0,0.0,0.0,0.0,0.0,0.0,0.0,0.0,0.0,0.0,0.0,0.0,0.0,0.0,0.0,0.0,0.0,0.0,0.0,0.0,0.0,0.0,0.0,0.0,0.0,0.0,0.0,0.0,0.0,0.0,0.0,0.0,0.0,0.0,0.0,0.0,0.0,0.0,0.0,0.0,0.0,0.0,0.0,0.0,0.0,0.0,0.0,0.0,0.0,-10.712,-3.466,3569.076,28.889,0.0,0.0,0.0,0.0,0.0,0.0,0.0,0.0,0.0,0.0,0.0,0.0,0.0,0.0,0.0,0.0,0.0,0.0,0.0,0.0,0.0,0.0,0.0,0.0,0.0,0.0,0.0,0.0,0.0,0.0,0.0,0.0,0.0,0.0,0.0,0.0,0.0,0.0,0.0
Colombia,1932,COL,8229689.0,19522535424.0,0.0,0.0,0.0,0.0,0.0,0.0,0.0,0.0,0.0,0.0,0.0,0.0,0.0,0.0,0.0,0.0,0.0,0.0,0.0,0.0,0.0,0.0,0.0,0.0,0.0,0.0,0.0,0.0,0.0,0.0,0.0,0.0,0.0,0.0,0.0,0.0,0.0,0.0,0.0,0.0,0.0,0.0,0.0,0.0,0.0,0.0,0.0,0.0,0.0,0.0,0.0,0.0,0.0,0.0,0.0,0.0,0.0,0.0,0.0,0.0,0.0,0.0,0.0,0.0,0.0,0.0,0.0,0.0,0.0,0.0,0.0,0.0,0.0,0.0,0.0,0.0,0.0,0.0,0.0,0.0,0.0,-9.944,-2.873,3161.275,26.016,0.0,0.0,0.0,0.0,0.0,0.0,0.0,0.0,0.0,0.0,0.0,0.0,0.0,0.0,0.0,0.0,0.0,0.0,0.0,0.0,0.0,0.0,0.0,0.0,0.0,0.0,0.0,0.0,0.0,0.0,0.0,0.0,0.0,0.0,0.0,0.0,0.0,0.0,0.0
Colombia,1933,COL,8352177.0,20617314304.0,0.0,0.0,0.0,0.0,0.0,0.0,0.0,0.0,0.0,0.0,0.0,0.0,0.0,0.0,0.0,0.0,0.733,87.724,0.733,0.0,0.0,0.0,0.0,0.0,0.0,0.0,0.0,0.0,0.0,0.0,0.0,0.0,0.0,0.0,0.0,0.0,0.0,0.0,0.0,0.0,0.0,0.0,0.0,0.0,0.0,0.0,0.0,0.0,0.0,0.0,0.0,0.0,0.0,0.0,0.0,0.0,0.0,0.0,0.0,0.0,0.0,0.0,0.0,0.0,0.0,0.0,0.0,0.0,0.0,0.0,0.0,0.0,0.0,0.0,0.0,0.0,0.0,0.0,0.0,0.0,0.0,-19.893,-5.175,2495.273,20.841,0.0,0.0,0.0,0.0,0.0,0.0,0.0,0.0,0.0,0.0,0.0,0.0,0.0,0.0,0.0,0.0,0.0,0.0,0.0,0.0,0.0,0.0,0.0,0.0,0.0,0.0,0.0,0.0,0.0,0.0,0.0,0.0,0.0,0.0,0.0,0.0,0.0,0.0,0.0
Colombia,1934,COL,8476488.0,20183166976.0,0.0,0.0,0.0,0.0,0.0,0.0,0.0,0.0,0.0,0.0,0.0,0.0,0.0,0.0,0.0,178.889,1.311,241.066,2.043,0.0,0.0,0.0,0.0,0.0,0.0,0.0,0.0,0.0,0.0,0.0,0.0,0.0,0.0,0.0,0.0,0.0,0.0,0.0,0.0,0.0,0.0,0.0,0.0,0.0,0.0,0.0,0.0,0.0,0.0,0.0,0.0,0.0,0.0,0.0,0.0,0.0,0.0,0.0,0.0,0.0,0.0,0.0,0.0,0.0,0.0,0.0,0.0,0.0,0.0,0.0,0.0,0.0,0.0,0.0,0.0,0.0,0.0,0.0,0.0,0.0,0.0,31.808,6.629,3240.736,27.47,0.0,0.0,0.0,0.0,0.0,0.0,0.0,0.0,0.0,0.0,0.0,0.0,0.0,0.0,0.0,0.0,0.0,0.0,0.0,0.0,0.0,0.0,0.0,0.0,0.0,0.0,0.0,0.0,0.0,0.0,0.0,0.0,0.0,0.0,0.0,0.0,0.0,0.0,0.0
Colombia,1935,COL,8602649.0,22447853568.0,0.0,0.0,0.0,0.0,0.0,0.0,0.0,0.0,0.0,0.0,0.0,0.0,0.0,0.0,0.0,50.598,1.034,357.715,3.077,0.0,0.0,0.0,0.0,0.0,0.0,0.0,0.0,0.0,0.0,0.0,0.0,0.0,0.0,0.0,0.0,0.0,0.0,0.0,0.0,0.0,0.0,0.0,0.0,0.0,0.0,0.0,0.0,0.0,0.0,0.0,0.0,0.0,0.0,0.0,0.0,0.0,0.0,0.0,0.0,0.0,0.0,0.0,0.0,0.0,0.0,0.0,0.0,0.0,0.0,0.0,0.0,0.0,0.0,0.0,0.0,0.0,0.0,0.0,0.0,0.0,0.0,1.693,0.465,3247.286,27.935,0.0,0.0,0.0,0.0,0.0,0.0,0.0,0.0,0.0,0.0,0.0,0.0,0.0,0.0,0.0,0.0,0.0,0.0,0.0,0.0,0.0,0.0,0.0,0.0,0.0,0.0,0.0,0.0,0.0,0.0,0.0,0.0,0.0,0.0,0.0,0.0,0.0,0.0,0.0
Colombia,1936,COL,8730688.0,23624439808.0,0.0,0.0,0.0,0.0,0.0,0.0,0.0,0.0,0.0,0.0,0.0,0.0,0.0,0.0,0.0,3.968,0.122,366.456,3.199,0.0,0.0,0.0,0.0,0.0,0.0,0.0,0.0,0.0,0.0,0.0,0.0,0.0,0.0,0.0,0.0,0.0,0.0,0.0,0.0,0.0,0.0,0.0,0.0,0.0,0.0,0.0,0.0,0.0,0.0,0.0,0.0,0.0,0.0,0.0,0.0,0.0,0.0,0.0,0.0,0.0,0.0,0.0,0.0,0.0,0.0,0.0,0.0,0.0,0.0,0.0,0.0,0.0,0.0,0.0,0.0,0.0,0.0,0.0,0.0,0.0,0.0,7.244,2.024,3431.445,29.959,0.0,0.0,0.0,0.0,0.0,0.0,0.0,0.0,0.0,0.0,0.0,0.0,0.0,0.0,0.0,0.0,0.0,0.0,0.0,0.0,0.0,0.0,0.0,0.0,0.0,0.0,0.0,0.0,0.0,0.0,0.0,0.0,0.0,0.0,0.0,0.0,0.0,0.0,0.0
Colombia,1937,COL,8860633.0,23999809536.0,0.0,0.0,0.0,0.0,0.0,0.0,0.0,0.0,0.0,0.0,0.0,0.0,0.0,0.0,0.0,-13.995,-0.448,310.549,2.752,0.0,0.0,0.0,0.0,0.0,0.0,0.0,0.0,0.0,0.0,0.0,0.0,0.0,0.0,0.0,0.0,0.0,0.0,0.0,0.0,0.0,0.0,0.0,0.0,6.418,724.279,6.418,0.0,0.0,0.0,0.0,0.0,0.0,0.0,0.0,0.0,0.0,0.0,0.0,0.0,0.0,0.0,0.0,0.0,0.0,0.0,0.0,0.0,0.0,0.0,0.0,0.0,0.0,0.0,0.0,0.0,0.0,0.0,0.0,0.0,0.0,0.0,8.967,2.687,3684.32,32.645,0.0,0.0,0.0,0.0,0.0,0.0,0.0,0.0,0.0,0.0,0.0,0.0,0.0,0.0,0.0,0.0,0.0,0.0,0.0,0.0,0.0,0.0,0.0,0.0,0.0,0.0,0.0,0.0,0.0,0.0,0.0,0.0,0.0,0.0,0.0,0.0,0.0,0.0,0.0
Colombia,1938,COL,8992512.0,25566476288.0,0.0,0.0,0.0,0.0,0.0,0.0,0.0,0.0,0.0,0.0,0.0,0.0,0.0,0.0,0.0,-2.071,-0.057,299.657,2.695,0.0,0.0,0.0,0.0,0.0,0.0,0.0,0.0,0.0,0.0,0.0,0.0,0.0,0.0,0.0,0.0,0.0,0.0,0.0,0.0,0.0,0.0,0.0,2.37,0.152,730.572,6.57,0.0,0.0,0.0,0.0,0.0,0.0,0.0,0.0,0.0,0.0,0.0,0.0,0.0,0.0,0.0,0.0,0.0,0.0,0.0,0.0,0.0,0.0,0.0,0.0,0.0,0.0,0.0,0.0,0.0,0.0,0.0,0.0,0.0,0.0,0.0,6.306,2.059,3859.202,34.704,0.0,0.0,0.0,0.0,0.0,0.0,0.0,0.0,0.0,0.0,0.0,0.0,0.0,0.0,0.0,0.0,0.0,0.0,0.0,0.0,0.0,0.0,0.0,0.0,0.0,0.0,0.0,0.0,0.0,0.0,0.0,0.0,0.0,0.0,0.0,0.0,0.0,0.0,0.0
Colombia,1939,COL,9142620.0,27135594496.0,0.0,0.0,0.0,0.0,0.0,0.0,0.0,0.0,0.0,0.0,0.0,0.0,0.0,0.0,0.0,5.438,0.147,310.765,2.841,0.0,0.0,0.0,0.0,0.0,0.0,0.0,0.0,0.0,0.0,0.0,0.0,0.0,0.0,0.0,0.0,0.0,0.0,0.0,0.0,0.0,0.0,0.0,2.315,0.152,735.213,6.722,0.0,0.0,0.0,0.0,0.0,0.0,0.0,0.0,0.0,0.0,0.0,0.0,0.0,0.0,0.0,0.0,0.0,0.0,0.0,0.0,0.0,0.0,0.0,0.0,0.0,0.0,0.0,0.0,0.0,0.0,0.0,0.0,0.0,0.0,0.0,10.59,3.675,4197.812,38.379,0.0,0.0,0.0,0.0,0.0,0.0,0.0,0.0,0.0,0.0,0.0,0.0,0.0,0.0,0.0,0.0,0.0,0.0,0.0,0.0,0.0,0.0,0.0,0.0,0.0,0.0,0.0,0.0,0.0,0.0,0.0,0.0,0.0,0.0,0.0,0.0,0.0,0.0,0.0
Colombia,1940,COL,9311615.0,27714654208.0,0.0,0.0,0.0,0.0,0.0,0.0,0.0,0.0,0.0,0.0,0.0,0.0,0.0,0.0,0.0,49.57,1.408,456.376,4.25,0.0,0.0,0.0,0.0,0.0,0.0,0.0,0.0,0.0,0.0,0.0,0.0,0.0,0.0,0.0,0.0,0.0,0.0,0.0,0.0,0.0,0.0,0.0,2.263,0.152,738.205,6.874,0.0,0.0,0.0,0.0,0.0,0.0,0.0,0.0,0.0,0.0,0.0,0.0,0.0,0.0,0.0,0.0,0.0,0.0,0.0,0.0,0.0,0.0,0.0,0.0,0.0,0.0,0.0,0.0,0.0,0.0,0.0,0.0,0.0,0.0,0.0,7.121,2.733,4415.136,41.112,0.0,0.0,0.0,0.0,0.0,0.0,0.0,0.0,0.0,0.0,0.0,0.0,0.0,0.0,0.0,0.0,0.0,0.0,0.0,0.0,0.0,0.0,0.0,0.0,0.0,0.0,0.0,0.0,0.0,0.0,0.0,0.0,0.0,0.0,0.0,0.0,0.0,0.0,0.0
Colombia,1941,COL,9500171.0,28181647360.0,0.0,0.0,0.0,0.0,0.0,0.0,0.0,0.0,0.0,0.0,0.0,0.0,0.0,0.0,0.0,-22.989,-0.977,344.487,3.273,0.0,0.0,0.0,0.0,0.0,0.0,0.0,0.0,0.0,0.0,0.0,0.0,0.0,0.0,0.0,0.0,0.0,0.0,0.0,0.0,0.0,0.0,0.0,2.213,0.152,739.563,7.026,0.0,0.0,0.0,0.0,0.0,0.0,0.0,0.0,0.0,0.0,0.0,0.0,0.0,0.0,0.0,0.0,0.0,0.0,0.0,0.0,0.0,0.0,0.0,0.0,0.0,0.0,0.0,0.0,0.0,0.0,0.0,0.0,0.0,0.0,0.0,-3.593,-1.477,4172.034,39.635,0.0,0.0,0.0,0.0,0.0,0.0,0.0,0.0,0.0,0.0,0.0,0.0,0.0,0.0,0.0,0.0,0.0,0.0,0.0,0.0,0.0,0.0,0.0,0.0,0.0,0.0,0.0,0.0,0.0,0.0,0.0,0.0,0.0,0.0,0.0,0.0,0.0,0.0,0.0
Colombia,1942,COL,9708983.0,28239319040.0,0.0,0.0,0.0,0.0,0.0,0.0,0.0,0.0,0.0,0.0,0.0,0.0,0.0,0.0,0.0,43.781,1.433,484.654,4.705,0.0,0.0,0.0,0.0,0.0,0.0,0.0,0.0,0.0,0.0,0.0,0.0,0.0,0.0,0.0,0.0,0.0,0.0,0.0,0.0,0.0,0.0,0.0,2.165,0.152,739.324,7.178,0.0,0.0,0.0,0.0,0.0,0.0,0.0,0.0,0.0,0.0,0.0,0.0,0.0,0.0,0.0,0.0,0.0,0.0,0.0,0.0,0.0,0.0,0.0,0.0,0.0,0.0,0.0,0.0,0.0,0.0,0.0,0.0,0.0,0.0,0.0,-57.013,-22.597,1754.865,17.038,0.0,0.0,0.0,0.0,0.0,0.0,0.0,0.0,0.0,0.0,0.0,0.0,0.0,0.0,0.0,0.0,0.0,0.0,0.0,0.0,0.0,0.0,0.0,0.0,0.0,0.0,0.0,0.0,0.0,0.0,0.0,0.0,0.0,0.0,0.0,0.0,0.0,0.0,0.0
Colombia,1943,COL,9938765.0,28360079360.0,0.0,0.0,0.0,0.0,0.0,0.0,0.0,0.0,0.0,0.0,0.0,0.0,0.0,0.0,0.0,-16.436,-0.773,395.633,3.932,0.0,0.0,0.0,0.0,0.0,0.0,0.0,0.0,0.0,0.0,0.0,0.0,0.0,0.0,0.0,0.0,0.0,0.0,0.0,0.0,0.0,0.0,0.0,2.119,0.152,737.534,7.33,0.0,0.0,0.0,0.0,0.0,0.0,0.0,0.0,0.0,0.0,0.0,0.0,0.0,0.0,0.0,0.0,0.0,0.0,0.0,0.0,0.0,0.0,0.0,0.0,0.0,0.0,0.0,0.0,0.0,0.0,0.0,0.0,0.0,0.0,0.0,26.485,4.512,2168.317,21.55,0.0,0.0,0.0,0.0,0.0,0.0,0.0,0.0,0.0,0.0,0.0,0.0,0.0,0.0,0.0,0.0,0.0,0.0,0.0,0.0,0.0,0.0,0.0,0.0,0.0,0.0,0.0,0.0,0.0,0.0,0.0,0.0,0.0,0.0,0.0,0.0,0.0,0.0,0.0
Colombia,1944,COL,10173986.0,30282119168.0,0.0,0.0,0.0,0.0,0.0,0.0,0.0,0.0,0.0,0.0,0.0,0.0,0.0,0.0,0.0,6.832,0.269,412.892,4.201,0.0,0.0,0.0,0.0,0.0,0.0,0.0,0.0,0.0,0.0,0.0,0.0,0.0,0.0,0.0,0.0,0.0,0.0,0.0,0.0,0.0,0.0,0.0,2.075,0.152,735.433,7.482,0.0,0.0,0.0,0.0,0.0,0.0,0.0,0.0,0.0,0.0,0.0,0.0,0.0,0.0,0.0,0.0,0.0,0.0,0.0,0.0,0.0,0.0,0.0,0.0,0.0,0.0,0.0,0.0,0.0,0.0,0.0,0.0,0.0,0.0,0.0,69.077,14.886,3581.368,36.437,0.0,0.0,0.0,0.0,0.0,0.0,0.0,0.0,0.0,0.0,0.0,0.0,0.0,0.0,0.0,0.0,0.0,0.0,0.0,0.0,0.0,0.0,0.0,0.0,0.0,0.0,0.0,0.0,0.0,0.0,0.0,0.0,0.0,0.0,0.0,0.0,0.0,0.0,0.0
Colombia,1945,COL,10414773.0,31689662464.0,0.0,0.0,0.0,0.0,0.0,0.0,0.0,0.0,0.0,0.0,0.0,0.0,0.0,0.0,0.0,3.682,0.155,418.198,4.355,0.0,0.0,0.0,0.0,0.0,0.0,0.0,0.0,0.0,0.0,0.0,0.0,0.0,0.0,0.0,0.0,0.0,0.0,0.0,0.0,0.0,0.0,0.0,2.033,0.152,733.034,7.634,0.0,0.0,0.0,0.0,0.0,0.0,0.0,0.0,0.0,0.0,0.0,0.0,0.0,0.0,0.0,0.0,0.0,0.0,0.0,0.0,0.0,0.0,0.0,0.0,0.0,0.0,0.0,0.0,0.0,0.0,0.0,0.0,0.0,0.0,0.0,0.766,0.279,3525.368,36.716,0.0,0.0,0.0,0.0,0.0,0.0,0.0,0.0,0.0,0.0,0.0,0.0,0.0,0.0,0.0,0.0,0.0,0.0,0.0,0.0,0.0,0.0,0.0,0.0,0.0,0.0,0.0,0.0,0.0,0.0,0.0,0.0,0.0,0.0,0.0,0.0,0.0,0.0,0.0
Colombia,1946,COL,10661259.0,34558033920.0,0.0,0.0,0.0,0.0,0.0,0.0,0.0,0.0,0.0,0.0,0.0,0.0,0.0,0.0,0.0,3.551,0.155,423.038,4.51,0.0,0.0,0.0,0.0,0.0,0.0,0.0,0.0,0.0,0.0,0.0,0.0,0.0,0.0,0.0,0.0,0.0,0.0,0.0,0.0,0.0,0.0,0.0,1.992,0.152,730.353,7.786,0.0,0.0,0.0,0.0,0.0,0.0,0.0,0.0,0.0,0.0,0.0,0.0,0.0,0.0,0.0,0.0,0.0,0.0,0.0,0.0,0.0,0.0,0.0,0.0,0.0,0.0,0.0,0.0,0.0,0.0,0.0,0.0,0.0,0.0,0.0,-1.742,-0.64,3383.865,36.076,0.0,0.0,0.0,0.0,0.0,0.0,0.0,0.0,0.0,0.0,0.0,0.0,0.0,0.0,0.0,0.0,0.0,0.0,0.0,0.0,0.0,0.0,0.0,0.0,0.0,0.0,0.0,0.0,0.0,0.0,0.0,0.0,0.0,0.0,0.0,0.0,0.0,0.0,0.0
Colombia,1947,COL,10913579.0,35922178048.0,0.0,0.0,0.0,0.0,0.0,0.0,0.0,0.0,0.0,0.0,0.0,0.0,0.0,0.0,0.0,-8.664,-0.391,377.451,4.119,0.0,0.0,0.0,0.0,0.0,0.0,0.0,0.0,0.0,0.0,0.0,0.0,0.0,0.0,0.0,0.0,0.0,0.0,0.0,0.0,0.0,0.0,0.0,-9.194,-0.716,647.875,7.071,0.0,0.0,0.0,0.0,0.0,0.0,0.0,0.0,0.0,0.0,0.0,0.0,0.0,0.0,0.0,0.0,0.0,0.0,0.0,0.0,0.0,0.0,0.0,0.0,0.0,0.0,0.0,0.0,0.0,0.0,0.0,0.0,0.0,0.0,0.0,11.38,4.105,3681.803,40.182,0.0,0.0,0.0,0.0,0.0,0.0,0.0,0.0,0.0,0.0,0.0,0.0,0.0,0.0,0.0,0.0,0.0,0.0,0.0,0.0,0.0,0.0,0.0,0.0,0.0,0.0,0.0,0.0,0.0,0.0,0.0,0.0,0.0,0.0,0.0,0.0,0.0,0.0,0.0
Colombia,1948,COL,11171870.0,37032976384.0,0.0,0.0,0.0,0.0,0.0,0.0,0.0,0.0,0.0,0.0,0.0,0.0,0.0,0.0,0.0,1.581,0.065,374.554,4.184,0.0,0.0,0.0,0.0,0.0,0.0,0.0,0.0,0.0,0.0,0.0,0.0,0.0,0.0,0.0,0.0,0.0,0.0,0.0,0.0,0.0,0.0,0.0,-38.011,-2.688,392.328,4.383,0.0,0.0,0.0,0.0,0.0,0.0,0.0,0.0,0.0,0.0,0.0,0.0,0.0,0.0,0.0,0.0,0.0,0.0,0.0,0.0,0.0,0.0,0.0,0.0,0.0,0.0,0.0,0.0,0.0,0.0,0.0,0.0,0.0,0.0,0.0,-4.747,-1.907,3425.956,38.274,0.0,0.0,0.0,0.0,0.0,0.0,0.0,0.0,0.0,0.0,0.0,0.0,0.0,0.0,0.0,0.0,0.0,0.0,0.0,0.0,0.0,0.0,0.0,0.0,0.0,0.0,0.0,0.0,0.0,0.0,0.0,0.0,0.0,0.0,0.0,0.0,0.0,0.0,0.0
Colombia,1949,COL,11456827.0,39081963520.0,0.0,0.0,0.0,0.0,0.0,0.0,0.0,0.0,0.0,0.0,0.0,0.0,0.0,0.0,0.0,1.362,0.057,370.213,4.241,0.0,0.0,0.0,0.0,0.0,0.0,0.0,0.0,0.0,0.0,0.0,0.0,0.0,0.0,0.0,0.0,0.0,0.0,0.0,0.0,0.0,0.0,0.0,41.547,1.821,541.517,6.204,0.0,0.0,0.0,0.0,0.0,0.0,0.0,0.0,0.0,0.0,0.0,0.0,0.0,0.0,0.0,0.0,0.0,0.0,0.0,0.0,0.0,0.0,0.0,0.0,0.0,0.0,0.0,0.0,0.0,0.0,0.0,0.0,0.0,0.0,0.0,24.916,9.537,4173.139,47.811,0.0,0.0,0.0,0.0,0.0,0.0,0.0,0.0,0.0,0.0,0.0,0.0,0.0,0.0,0.0,0.0,0.0,0.0,0.0,0.0,0.0,0.0,0.0,0.0,0.0,0.0,0.0,0.0,0.0,0.0,0.0,0.0,0.0,0.0,0.0,0.0,0.0,0.0,0.0
Colombia,1950,COL,11769747.0,39782572032.0,0.0,0.0,0.0,0.0,0.0,0.0,0.0,0.0,0.0,0.0,0.0,0.0,0.0,0.0,0.0,93.858,3.981,698.606,8.222,0.0,0.0,0.0,0.0,0.0,0.0,0.0,0.0,0.0,0.0,0.0,0.0,0.0,0.0,0.0,0.0,0.0,0.0,0.0,0.0,0.0,0.0,0.0,3.239,0.201,544.193,6.405,0.0,0.0,0.0,0.0,0.0,0.0,0.0,0.0,0.0,0.0,0.0,0.0,0.0,0.0,0.0,0.0,0.0,0.0,0.0,0.0,0.0,0.0,0.0,0.0,0.0,0.0,0.0,0.0,0.0,0.0,0.0,0.0,0.0,0.0,0.0,14.595,6.978,4655.064,54.789,0.0,0.0,0.0,0.0,0.0,0.0,0.0,0.0,0.0,0.0,0.0,0.0,0.0,0.0,0.0,0.0,0.0,0.0,0.0,0.0,0.0,0.0,0.0,0.0,0.0,0.0,0.0,0.0,0.0,0.0,0.0,0.0,0.0,0.0,0.0,0.0,0.0,0.0,0.0
Colombia,1951,COL,12087061.0,41004056576.0,0.0,0.0,0.0,0.0,0.0,0.0,0.0,0.0,0.0,0.0,0.0,0.0,0.0,0.0,0.0,10.396,0.855,750.986,9.077,0.0,0.0,0.0,0.0,0.0,0.0,0.0,0.0,0.0,0.0,0.0,0.0,0.0,0.0,0.0,0.0,0.0,0.0,0.0,0.0,0.0,0.0,0.0,-4.118,-0.264,508.087,6.141,0.0,0.0,0.0,0.0,0.0,0.0,0.0,0.0,0.0,0.0,0.0,0.0,0.0,0.0,0.0,0.0,0.0,0.0,0.0,0.0,0.0,0.0,0.0,0.0,0.0,0.0,0.0,0.0,0.0,0.0,0.0,0.0,0.0,0.0,0.0,12.736,6.978,5110.169,61.767,0.0,0.0,0.0,0.0,0.0,0.0,0.0,0.0,0.0,0.0,0.0,0.0,0.0,0.0,0.0,0.0,0.0,0.0,0.0,0.0,0.0,0.0,0.0,0.0,0.0,0.0,0.0,0.0,0.0,0.0,0.0,0.0,0.0,0.0,0.0,0.0,0.0,0.0,0.0
Colombia,1952,COL,12419969.0,43585871872.0,0.0,0.0,0.0,0.0,0.0,0.0,0.0,0.0,0.0,0.0,0.0,0.0,0.0,0.0,0.0,-13.363,-1.213,633.19,7.864,0.0,0.0,0.0,0.0,0.0,0.0,0.0,0.0,0.0,0.0,0.0,0.0,0.0,0.0,0.0,0.0,0.0,0.0,0.0,0.0,0.0,0.0,0.0,-58.282,-3.579,206.281,2.562,0.0,0.0,0.0,0.0,0.0,0.0,0.0,0.0,0.0,0.0,0.0,0.0,0.0,0.0,0.0,0.0,0.0,0.0,0.0,0.0,0.0,0.0,0.0,0.0,0.0,0.0,0.0,0.0,0.0,0.0,0.0,0.0,0.0,0.0,0.0,0.791,0.488,5012.524,62.255,0.0,0.0,0.0,0.0,0.0,0.0,0.0,0.0,0.0,0.0,0.0,0.0,0.0,0.0,0.0,0.0,0.0,0.0,0.0,0.0,0.0,0.0,0.0,0.0,0.0,0.0,0.0,0.0,0.0,0.0,0.0,0.0,0.0,0.0,0.0,0.0,0.0,0.0,0.0
Colombia,1953,COL,12767245.0,46268366848.0,0.0,0.0,0.0,0.0,0.0,0.0,0.0,0.0,0.0,0.0,0.0,0.0,0.0,0.0,0.0,27.329,2.149,784.306,10.013,0.0,0.0,0.0,0.0,0.0,0.0,0.0,0.0,0.0,0.0,0.0,0.0,0.0,0.0,0.0,0.0,0.0,0.0,0.0,0.0,0.0,0.0,0.0,137.255,3.516,476.1,6.078,0.0,0.0,0.0,0.0,0.0,0.0,0.0,0.0,0.0,0.0,0.0,0.0,0.0,0.0,0.0,0.0,0.0,0.0,0.0,0.0,0.0,0.0,0.0,0.0,0.0,0.0,0.0,0.0,0.0,0.0,0.0,0.0,0.0,0.0,0.0,1.887,1.175,4968.184,63.43,0.0,0.0,0.0,0.0,0.0,0.0,0.0,0.0,0.0,0.0,0.0,0.0,0.0,0.0,0.0,0.0,0.0,0.0,0.0,0.0,0.0,0.0,0.0,0.0,0.0,0.0,0.0,0.0,0.0,0.0,0.0,0.0,0.0,0.0,0.0,0.0,0.0,0.0,0.0
Colombia,1954,COL,13130655.0,49475969024.0,0.0,0.0,0.0,0.0,0.0,0.0,0.0,0.0,0.0,0.0,0.0,0.0,0.0,0.0,0.0,21.951,2.198,929.999,12.212,0.0,0.0,0.0,0.0,0.0,0.0,0.0,0.0,0.0,0.0,0.0,0.0,0.0,0.0,0.0,0.0,0.0,0.0,0.0,0.0,0.0,0.0,0.0,12.603,0.766,521.267,6.845,0.0,0.0,0.0,0.0,0.0,0.0,0.0,0.0,0.0,0.0,0.0,0.0,0.0,0.0,0.0,0.0,0.0,0.0,0.0,0.0,0.0,0.0,0.0,0.0,0.0,0.0,0.0,0.0,0.0,0.0,0.0,0.0,0.0,0.0,0.0,1.393,0.884,4897.997,64.314,0.0,0.0,0.0,0.0,0.0,0.0,0.0,0.0,0.0,0.0,0.0,0.0,0.0,0.0,0.0,0.0,0.0,0.0,0.0,0.0,0.0,0.0,0.0,0.0,0.0,0.0,0.0,0.0,0.0,0.0,0.0,0.0,0.0,0.0,0.0,0.0,0.0,0.0,0.0
Colombia,1955,COL,13512614.0,51404935168.0,0.0,0.0,0.0,0.0,0.0,0.0,0.0,0.0,0.0,0.0,0.0,0.0,0.0,0.0,0.0,23.333,2.849,1114.577,15.061,0.0,0.0,0.0,0.0,0.0,0.0,0.0,0.0,0.0,0.0,0.0,0.0,0.0,0.0,0.0,0.0,0.0,0.0,0.0,0.0,0.0,0.0,0.0,-1.101,-0.075,500.956,6.769,0.0,0.0,0.0,0.0,0.0,0.0,0.0,0.0,0.0,0.0,0.0,0.0,0.0,0.0,0.0,0.0,0.0,0.0,0.0,0.0,0.0,0.0,0.0,0.0,0.0,0.0,0.0,0.0,0.0,0.0,0.0,0.0,0.0,0.0,0.0,-0.669,-0.43,4727.7,63.884,0.0,0.0,0.0,0.0,0.0,0.0,0.0,0.0,0.0,0.0,0.0,0.0,0.0,0.0,0.0,0.0,0.0,0.0,0.0,0.0,0.0,0.0,0.0,0.0,0.0,0.0,0.0,0.0,0.0,0.0,0.0,0.0,0.0,0.0,0.0,0.0,0.0,0.0,0.0
Colombia,1956,COL,13911411.0,53465743360.0,0.0,0.0,0.0,0.0,0.0,0.0,0.0,0.0,0.0,0.0,0.0,0.0,0.0,0.0,0.0,8.108,1.221,1170.406,16.282,0.0,0.0,0.0,0.0,0.0,0.0,0.0,0.0,0.0,0.0,0.0,0.0,0.0,0.0,0.0,0.0,0.0,0.0,0.0,0.0,0.0,0.0,0.0,15.213,1.03,560.622,7.799,0.0,0.0,0.0,0.0,0.0,0.0,0.0,0.0,0.0,0.0,0.0,0.0,0.0,0.0,0.0,0.0,0.0,0.0,0.0,0.0,0.0,0.0,0.0,0.0,0.0,0.0,0.0,0.0,0.0,0.0,0.0,0.0,0.0,0.0,0.0,11.123,7.106,5102.97,70.99,0.0,0.0,0.0,0.0,0.0,0.0,0.0,0.0,0.0,0.0,0.0,0.0,0.0,0.0,0.0,0.0,0.0,0.0,0.0,0.0,0.0,0.0,0.0,0.0,0.0,0.0,0.0,0.0,0.0,0.0,0.0,0.0,0.0,0.0,0.0,0.0,0.0,0.0,0.0
Colombia,1957,COL,14329364.0,55423410176.0,0.0,0.0,0.0,0.0,0.0,0.0,0.0,0.0,0.0,0.0,0.0,0.0,0.0,0.0,0.0,0.0,0.0,1136.268,16.282,0.0,0.0,0.0,0.0,0.0,0.0,0.0,0.0,0.0,0.0,0.0,0.0,0.0,0.0,0.0,0.0,0.0,0.0,0.0,0.0,0.0,0.0,0.0,1.932,0.151,554.787,7.95,0.0,0.0,0.0,0.0,0.0,0.0,0.0,0.0,0.0,0.0,0.0,0.0,0.0,0.0,0.0,0.0,0.0,0.0,0.0,0.0,0.0,0.0,0.0,0.0,0.0,0.0,0.0,0.0,0.0,0.0,0.0,0.0,0.0,0.0,0.0,3.653,2.593,5135.12,73.583,0.0,0.0,0.0,0.0,0.0,0.0,0.0,0.0,0.0,0.0,0.0,0.0,0.0,0.0,0.0,0.0,0.0,0.0,0.0,0.0,0.0,0.0,0.0,0.0,0.0,0.0,0.0,0.0,0.0,0.0,0.0,0.0,0.0,0.0,0.0,0.0,0.0,0.0,0.0
Colombia,1958,COL,14760804.0,56811536384.0,0.0,0.0,0.0,0.0,0.0,0.0,0.0,0.0,0.0,0.0,0.0,0.0,0.0,0.0,0.0,22.0,3.582,1345.729,19.864,0.0,0.0,0.0,0.0,0.0,0.0,0.0,0.0,0.0,0.0,0.0,0.0,0.0,0.0,0.0,0.0,0.0,0.0,0.0,0.0,0.0,0.0,0.0,25.434,2.022,675.554,9.972,0.0,0.0,0.0,0.0,0.0,0.0,0.0,0.0,0.0,0.0,0.0,0.0,0.0,0.0,0.0,0.0,0.0,0.0,0.0,0.0,0.0,0.0,0.0,0.0,0.0,0.0,0.0,0.0,0.0,0.0,0.0,0.0,0.0,0.0,0.0,0.237,0.174,4996.846,73.757,0.0,0.0,0.0,0.0,0.0,0.0,0.0,0.0,0.0,0.0,0.0,0.0,0.0,0.0,0.0,0.0,0.0,0.0,0.0,0.0,0.0,0.0,0.0,0.0,0.0,0.0,0.0,0.0,0.0,0.0,0.0,0.0,0.0,0.0,0.0,0.0,0.0,0.0,0.0
Colombia,1959,COL,15211086.0,60891009024.0,0.0,0.0,0.0,0.0,0.0,0.0,0.0,0.0,0.0,0.0,0.0,0.0,0.0,0.0,0.0,1.639,0.326,1327.3,20.19,0.0,0.0,0.0,0.0,0.0,0.0,0.0,0.0,0.0,0.0,0.0,0.0,0.0,0.0,0.0,0.0,0.0,0.0,0.0,0.0,0.0,0.0,0.0,-51.134,-5.099,320.348,4.873,0.0,0.0,0.0,0.0,0.0,0.0,0.0,0.0,0.0,0.0,0.0,0.0,0.0,0.0,0.0,0.0,0.0,0.0,0.0,0.0,0.0,0.0,0.0,0.0,0.0,0.0,0.0,0.0,0.0,0.0,0.0,0.0,0.0,0.0,0.0,14.491,10.688,5551.571,84.445,0.0,0.0,0.0,0.0,0.0,0.0,0.0,0.0,0.0,0.0,0.0,0.0,0.0,0.0,0.0,0.0,0.0,0.0,0.0,0.0,0.0,0.0,0.0,0.0,0.0,0.0,0.0,0.0,0.0,0.0,0.0,0.0,0.0,0.0,0.0,0.0,0.0,0.0,0.0
Colombia,1960,COL,15687692.0,63491854336.0,0.0,0.0,0.0,0.0,0.0,0.0,0.0,0.0,0.0,0.0,0.0,0.0,0.0,0.0,0.0,4.839,0.977,1349.249,21.167,0.0,0.0,0.0,0.0,0.0,0.0,0.0,0.0,0.0,0.0,0.0,0.0,0.0,0.0,0.0,0.0,0.0,0.0,0.0,0.0,0.0,0.0,0.0,4.124,0.201,323.424,5.074,0.0,0.0,0.0,0.0,0.0,0.0,0.0,0.0,0.0,0.0,0.0,0.0,0.0,0.0,0.0,0.0,0.0,0.0,0.0,0.0,0.0,0.0,0.0,0.0,0.0,0.0,0.0,0.0,0.0,0.0,0.0,0.0,0.0,0.0,0.0,4.448,3.756,5622.364,88.202,0.0,0.0,0.0,0.0,0.0,0.0,0.0,0.0,0.0,0.0,0.0,0.0,0.0,0.0,0.0,0.0,0.0,0.0,0.0,0.0,0.0,0.0,0.0,0.0,0.0,0.0,0.0,0.0,0.0,0.0,0.0,0.0,0.0,0.0,0.0,0.0,0.0,0.0,0.0
Colombia,1961,COL,16182421.0,66711822336.0,0.0,0.0,0.0,0.0,0.0,0.0,0.0,0.0,0.0,0.0,0.0,0.0,0.0,0.0,0.0,7.692,1.628,1408.615,22.795,0.0,0.0,0.0,0.0,0.0,0.0,0.0,0.0,0.0,0.0,0.0,0.0,0.0,0.0,0.0,0.0,0.0,0.0,0.0,0.0,0.0,0.0,0.0,3.218,0.163,323.625,5.237,0.0,0.0,0.0,0.0,0.0,0.0,0.0,0.0,0.0,0.0,0.0,0.0,0.0,0.0,0.0,0.0,0.0,0.0,0.0,0.0,0.0,0.0,0.0,0.0,0.0,0.0,0.0,0.0,0.0,0.0,0.0,0.0,0.0,0.0,0.0,-4.562,-4.024,5201.814,84.178,0.0,0.0,0.0,0.0,0.0,0.0,0.0,0.0,0.0,0.0,0.0,0.0,0.0,0.0,0.0,0.0,0.0,0.0,0.0,0.0,0.0,0.0,0.0,0.0,0.0,0.0,0.0,0.0,0.0,0.0,0.0,0.0,0.0,0.0,0.0,0.0,0.0,0.0,0.0
Colombia,1962,COL,16691286.0,70335873024.0,0.0,0.0,0.0,0.0,0.0,0.0,0.0,0.0,0.0,0.0,0.0,0.0,0.0,0.0,0.0,7.143,1.628,1463.219,24.423,0.0,0.0,0.0,0.0,0.0,0.0,0.0,0.0,0.0,0.0,0.0,0.0,0.0,0.0,0.0,0.0,0.0,0.0,0.0,0.0,0.0,0.0,0.0,41.966,2.198,445.432,7.435,0.0,0.0,0.0,0.0,0.0,0.0,0.0,0.0,0.0,0.0,0.0,0.0,0.0,0.0,0.0,0.0,0.0,0.0,0.0,0.0,0.0,0.0,0.0,0.0,0.0,0.0,0.0,0.0,0.0,0.0,0.0,0.0,0.0,0.0,0.0,-2.473,-2.082,4918.505,82.096,0.0,0.0,0.0,0.0,0.0,0.0,0.0,0.0,0.0,0.0,0.0,0.0,0.0,0.0,0.0,0.0,0.0,0.0,0.0,0.0,0.0,0.0,0.0,0.0,0.0,0.0,0.0,0.0,0.0,0.0,0.0,0.0,0.0,0.0,0.0,0.0,0.0,0.0,0.0
Colombia,1963,COL,17210954.0,72640512000.0,0.0,0.0,0.0,0.0,0.0,0.0,0.0,0.0,0.0,0.0,0.0,0.0,0.0,0.0,0.0,6.667,1.628,1513.641,26.051,0.0,0.0,0.0,0.0,0.0,0.0,0.0,0.0,0.0,0.0,0.0,0.0,0.0,0.0,0.0,0.0,0.0,0.0,0.0,0.0,0.0,0.0,0.0,18.581,1.381,512.25,8.816,0.0,0.0,0.0,0.0,0.0,0.0,0.0,0.0,0.0,0.0,0.0,0.0,0.0,0.0,0.0,0.0,0.0,0.0,0.0,0.0,0.0,0.0,0.0,0.0,0.0,0.0,0.0,0.0,0.0,0.0,0.0,0.0,0.0,0.0,0.0,16.56,13.595,5559.927,95.692,0.0,0.0,0.0,0.0,0.0,0.0,0.0,0.0,0.0,0.0,0.0,0.0,0.0,0.0,0.0,0.0,0.0,0.0,0.0,0.0,0.0,0.0,0.0,0.0,0.0,0.0,0.0,0.0,0.0,0.0,0.0,0.0,0.0,0.0,0.0,0.0,0.0,0.0,0.0
Colombia,1964,COL,17739760.0,77135757312.0,0.0,0.0,0.0,0.0,0.0,0.0,0.0,0.0,0.0,0.0,0.0,0.0,0.0,0.0,0.0,-6.25,-1.628,1376.738,24.423,0.0,0.0,0.0,0.0,0.0,0.0,0.0,0.0,0.0,0.0,0.0,0.0,0.0,0.0,0.0,0.0,0.0,0.0,0.0,0.0,0.0,0.0,0.0,18.803,1.658,590.43,10.474,0.0,0.0,0.0,0.0,0.0,0.0,0.0,0.0,0.0,0.0,0.0,0.0,0.0,0.0,0.0,0.0,0.0,0.0,0.0,0.0,0.0,0.0,0.0,0.0,0.0,0.0,0.0,0.0,0.0,0.0,0.0,0.0,0.0,0.0,0.0,4.485,4.291,5636.103,99.983,0.0,0.0,0.0,0.0,0.0,0.0,0.0,0.0,0.0,0.0,0.0,0.0,0.0,0.0,0.0,0.0,0.0,0.0,0.0,0.0,0.0,0.0,0.0,0.0,0.0,0.0,0.0,0.0,0.0,0.0,0.0,0.0,0.0,0.0,0.0,0.0,0.0,0.0,0.0
Colombia,1965,COL,18275818.0,79917506560.0,0.0,0.0,0.0,0.0,0.0,0.0,0.0,0.0,0.0,0.0,0.0,1281.629,23.423,0.0,0.0,2.4,0.586,1368.429,25.009,0.0,23.981,0.0,0.0,0.0,0.0,0.0,5344.405,1.222,0.0,0.0,0.0,0.0,4771.001,87.194,0.0,89.271,0.0,0.0,8.951,0.0,0.0,489.786,8.633,0.904,622.589,11.378,0.0,9.164,0.0,0.0,0.0,10.479,193.915,3.544,573.404,0.0,10.729,0.0,0.0,10.479,0.0,0.0,573.404,0.0,10.729,0.0,0.0,0.0,0.0,0.0,0.0,0.0,0.0,0.0,0.0,0.0,0.0,54.82,0.0,0.0,2999.586,23.933,23.929,6780.127,123.912,0.0,56.126,0.0,0.0,0.0,0.0,0.0,0.0,0.0,0.0,0.0,0.0,0.0,0.0,97.673,0.0,0.0,10.479,0.0,0.0,573.404,0.0,10.729,0.0,0.0,0.0,0.0,0.0,0.0,0.0,0.0,0.0,0.0,0.0,0.0,0.0,0.0,0.0,0.0
Colombia,1966,COL,18811410.0,84161191936.0,0.0,0.0,0.0,0.0,0.0,0.0,0.0,0.0,0.0,0.0,0.0,1245.139,23.423,0.0,0.0,-18.62,-4.657,1081.923,20.353,0.0,21.308,0.0,0.0,0.0,12.546,12.254,5843.646,1.306,12.72,11.091,0.0,0.0,5224.75,98.285,0.0,89.409,4.301,0.385,9.336,0.0,0.0,496.308,21.302,2.424,733.713,13.802,0.0,8.493,0.0,11.097,1.163,11.642,209.3,3.937,618.896,0.0,10.591,11.097,1.163,11.642,0.0,0.0,618.896,0.0,10.591,0.0,0.0,0.0,0.0,0.0,0.0,0.0,0.0,0.0,0.0,19.529,10.706,65.526,0.0,0.0,3483.303,-1.977,-2.45,6456.835,121.462,0.0,59.608,0.0,0.0,0.0,0.0,0.0,0.0,0.0,0.0,0.0,0.0,0.0,0.0,109.927,11.097,1.163,11.642,0.0,0.0,618.896,0.0,10.591,0.0,0.0,0.0,0.0,0.0,0.0,0.0,0.0,0.0,0.0,0.0,0.0,0.0,0.0,0.0,0.0
Colombia,1967,COL,19343968.0,87712759808.0,0.0,0.0,0.0,0.0,0.0,0.0,0.0,0.0,0.0,9.732,2.279,1328.698,25.702,0.0,0.0,24.0,4.885,1304.65,25.237,0.0,22.184,0.0,0.0,0.0,5.398,5.934,5989.518,1.321,4.677,4.597,0.0,0.0,5318.561,102.882,0.0,88.798,23.711,2.214,11.55,0.0,0.0,597.085,4.732,0.653,747.274,14.455,0.0,9.969,0.0,11.481,1.337,12.979,226.906,4.389,670.957,0.0,11.202,11.481,1.337,12.979,0.0,0.0,670.957,0.0,11.202,0.0,0.0,0.0,0.0,0.0,0.0,0.0,0.0,0.0,0.0,0.159,0.104,65.63,0.0,0.0,3392.777,-3.53,-4.288,6057.41,117.174,0.0,56.645,0.0,0.0,0.0,0.0,0.0,0.0,0.0,0.0,0.0,0.0,0.0,0.0,115.861,11.481,1.337,12.979,0.0,0.0,670.957,0.0,11.202,0.0,0.0,0.0,0.0,0.0,0.0,0.0,0.0,0.0,0.0,0.0,0.0,0.0,0.0,0.0,0.0
Colombia,1968,COL,19872508.0,93093543936.0,0.0,0.0,0.0,0.0,0.0,0.0,0.0,0.0,0.0,-8.914,-2.291,1178.069,23.411,0.0,0.0,0.0,0.0,1269.95,25.237,0.0,19.463,0.0,0.0,0.0,3.819,4.424,6052.85,1.292,2.858,2.941,0.0,0.0,5325.077,105.823,0.0,87.976,1.917,0.221,11.771,0.0,0.0,592.345,5.387,0.779,766.581,15.234,0.0,9.786,0.0,11.432,1.484,14.463,246.119,4.891,727.773,0.0,12.024,11.432,1.484,14.463,0.0,0.0,727.773,0.0,12.024,0.0,0.0,0.0,0.0,0.0,0.0,0.0,0.0,0.0,0.0,7.634,5.01,70.64,0.0,0.0,3554.663,-8.113,-9.507,5417.926,107.668,0.0,58.727,0.0,0.0,0.0,0.0,0.0,0.0,0.0,0.0,0.0,0.0,0.0,0.0,120.285,11.432,1.484,14.463,0.0,0.0,727.773,0.0,12.024,0.0,0.0,0.0,0.0,0.0,0.0,0.0,0.0,0.0,0.0,0.0,0.0,0.0,0.0,0.0,0.0
Colombia,1969,COL,20392264.0,99003203584.0,0.0,0.0,0.0,0.0,0.0,0.0,0.0,0.0,0.0,6.756,1.582,1225.605,24.993,0.0,0.0,7.0,1.767,1324.213,27.004,0.0,20.523,0.0,0.0,0.0,1.245,1.497,5971.997,1.23,-0.114,-0.12,0.0,0.0,5183.461,105.702,0.0,86.796,9.199,1.083,12.854,0.0,0.0,630.346,10.305,1.57,824.025,16.804,0.0,10.555,0.0,11.183,1.617,16.08,266.668,5.438,788.536,0.0,13.204,11.183,1.617,16.08,0.0,0.0,788.536,0.0,13.204,0.0,0.0,0.0,0.0,0.0,0.0,0.0,0.0,0.0,0.0,-3.942,-2.785,67.855,0.0,0.0,3327.509,21.346,22.983,6406.86,130.65,0.0,55.719,0.0,0.0,0.0,0.0,0.0,0.0,0.0,0.0,0.0,0.0,0.0,0.0,121.783,11.183,1.617,16.08,0.0,0.0,788.536,0.0,13.204,0.0,0.0,0.0,0.0,0.0,0.0,0.0,0.0,0.0,0.0,0.0,0.0,0.0,0.0,0.0,0.0
Colombia,1970,COL,20905256.0,105691070464.0,0.0,0.0,0.0,0.0,0.0,0.0,0.0,0.0,0.0,4.374,1.093,1247.824,26.086,0.0,0.0,-31.625,-8.54,883.213,18.464,0.0,19.55,0.0,0.0,0.0,9.567,11.65,6382.745,1.262,9.302,9.833,0.0,0.0,5526.602,115.535,0.0,86.587,-2.808,-0.361,12.493,0.0,0.0,597.613,-25.652,-4.31,597.613,12.493,0.0,9.363,0.0,11.305,1.818,17.898,289.532,6.053,856.143,0.0,13.413,11.305,1.818,17.898,0.0,0.0,856.143,0.0,13.413,0.0,0.0,0.0,0.0,0.0,0.0,0.0,0.0,0.0,0.0,13.411,9.1,76.956,0.0,0.0,3681.165,4.682,6.118,6542.275,136.768,0.0,57.674,0.0,0.0,0.0,0.0,0.0,0.0,0.0,0.0,0.0,0.0,0.0,0.0,133.433,11.305,1.818,17.898,0.0,0.0,856.143,0.0,13.413,0.0,0.0,0.0,0.0,0.0,0.0,0.0,0.0,0.0,0.0,0.0,0.0,0.0,0.0,0.0,0.0
Colombia,1971,COL,21405412.0,111964217344.0,0.0,0.0,0.0,0.0,0.0,0.0,0.0,0.0,0.0,-22.233,-5.8,947.718,20.286,0.0,0.0,11.993,2.214,966.024,20.678,0.0,15.367,0.0,0.0,0.0,-1.064,-1.42,6167.264,1.179,-2.178,-2.516,0.0,0.0,5279.92,113.019,0.0,85.612,4.092,0.511,13.004,0.0,0.0,607.533,4.092,0.511,607.533,13.004,0.0,9.851,0.0,6.124,1.096,18.994,300.083,6.423,887.343,0.0,14.388,6.124,1.096,18.994,0.0,0.0,887.343,0.0,14.388,0.0,0.0,0.0,0.0,0.0,0.0,0.0,0.0,0.0,0.0,3.603,2.772,79.728,0.0,0.0,3724.669,-0.715,-0.978,6343.697,135.789,0.0,60.394,0.0,0.0,0.0,0.0,0.0,0.0,0.0,0.0,0.0,0.0,0.0,0.0,132.013,6.124,1.096,18.994,0.0,0.0,887.343,0.0,14.388,0.0,0.0,0.0,0.0,0.0,0.0,0.0,0.0,0.0,0.0,0.0,0.0,0.0,0.0,0.0,0.0
Colombia,1972,COL,21898060.0,120559378432.0,0.0,0.0,0.0,0.0,0.0,0.0,0.0,0.0,0.0,3.9,0.791,962.527,21.077,0.0,0.0,3.583,0.741,978.122,21.419,0.0,13.849,0.0,0.0,0.0,15.287,20.181,6950.084,1.262,16.046,18.135,0.0,0.0,5989.312,131.154,0.0,86.176,22.152,2.881,15.885,0.0,0.0,725.418,22.154,2.881,725.43,15.885,0.0,10.438,0.0,10.767,2.045,21.039,324.916,7.115,960.772,0.0,13.824,10.767,2.045,21.039,0.0,0.0,960.772,0.0,13.824,0.0,0.0,0.0,0.0,0.0,0.0,0.0,0.0,0.0,0.0,18.141,14.464,94.192,0.0,0.0,4301.367,-9.407,-12.774,5617.642,123.015,0.0,61.889,0.0,0.0,0.0,0.0,0.0,0.0,0.0,0.0,0.0,0.0,0.0,0.0,152.193,10.767,2.045,21.039,0.0,0.0,960.772,0.0,13.824,0.0,0.0,0.0,0.0,0.0,0.0,0.0,0.0,0.0,0.0,0.0,0.0,0.0,0.0,0.0,0.0
Colombia,1973,COL,22396324.0,128657096704.0,0.0,0.0,0.0,0.0,0.0,0.0,0.0,0.0,0.0,1.84,0.388,958.431,21.465,0.0,0.0,15.849,3.395,1107.939,24.814,0.0,14.583,0.0,0.0,0.0,-3.283,-4.997,6572.35,1.144,-5.227,-6.855,0.0,0.0,5549.995,124.299,0.0,84.445,3.618,0.575,16.46,0.0,0.0,734.942,3.617,0.575,734.942,16.46,0.0,11.182,0.0,8.831,1.858,22.897,345.742,7.743,1022.355,0.0,15.555,8.831,1.858,22.897,0.0,0.0,1022.355,0.0,15.555,0.0,0.0,0.0,0.0,0.0,0.0,0.0,0.0,0.0,0.0,-8.299,-7.817,86.374,0.0,0.0,3856.622,-5.951,-7.321,5165.791,115.695,0.0,58.679,0.0,0.0,0.0,0.0,0.0,0.0,0.0,0.0,0.0,0.0,0.0,0.0,147.196,8.831,1.858,22.897,0.0,0.0,1022.355,0.0,15.555,0.0,0.0,0.0,0.0,0.0,0.0,0.0,0.0,0.0,0.0,0.0,0.0,0.0,0.0,0.0,0.0
Colombia,1974,COL,22897878.0,136089665536.0,0.0,0.0,0.0,0.0,0.0,0.0,0.0,0.0,0.0,20.927,4.492,1133.615,25.957,0.0,0.0,7.152,1.775,1161.178,26.589,0.0,15.764,0.0,0.0,0.0,11.864,17.464,7191.074,1.21,11.555,14.363,0.0,0.0,6055.683,138.662,0.0,84.211,4.045,0.666,17.126,0.0,0.0,747.919,4.043,0.666,747.908,17.125,0.0,10.401,0.0,13.543,3.101,25.998,383.969,8.792,1135.391,0.0,15.789,13.543,3.101,25.998,0.0,0.0,1135.391,0.0,15.789,0.0,0.0,0.0,0.0,0.0,0.0,0.0,0.0,0.0,0.0,10.657,9.205,95.579,0.0,0.0,4174.149,-8.788,-10.167,4608.638,105.528,0.0,58.046,0.0,0.0,0.0,0.0,0.0,0.0,0.0,0.0,0.0,0.0,0.0,0.0,164.66,13.543,3.101,25.998,0.0,0.0,1135.391,0.0,15.789,0.0,0.0,0.0,0.0,0.0,0.0,0.0,0.0,0.0,0.0,0.0,0.0,0.0,0.0,0.0,0.0
Colombia,1975,COL,23403732.0,139249500160.0,0.0,0.0,0.0,0.0,0.0,0.0,0.0,0.0,0.0,1.646,0.427,1127.366,26.385,0.0,0.0,5.542,1.474,1199.041,28.062,0.0,16.953,0.0,0.0,0.0,-5.481,-9.025,6650.001,1.118,-8.949,-12.409,0.0,0.0,5394.577,126.253,0.0,81.121,-5.743,-0.983,16.142,0.0,0.0,689.73,-12.903,-2.21,637.324,14.916,0.0,10.372,0.0,10.694,2.78,28.778,415.844,9.732,1229.646,0.0,18.491,12.844,3.384,29.382,0.0,0.0,1255.425,0.0,18.879,0.0,0.0,0.0,0.0,0.0,0.0,0.0,0.0,0.0,0.0,-12.401,-11.853,83.726,0.0,0.0,3577.481,-6.33,-6.679,4223.625,98.849,0.0,53.797,0.603,0.189,0.0,0.0,0.603,8.076,0.0,25.779,0.0,0.0,0.388,0.0,155.635,12.844,3.384,29.382,0.0,0.0,1255.425,0.0,18.879,0.0,0.0,0.0,0.0,0.0,0.0,0.0,0.0,0.0,0.0,0.0,0.0,0.0,0.0,0.0,0.0
Colombia,1976,COL,23913004.0,145807687680.0,0.0,0.0,0.0,0.0,0.0,0.0,0.0,0.0,0.0,-2.194,-0.579,1079.15,25.806,0.0,0.0,5.019,1.408,1232.401,29.47,0.0,15.904,0.0,0.0,0.0,4.255,6.623,6785.33,1.113,4.055,5.12,0.0,0.0,5493.806,131.373,0.0,80.966,6.581,1.062,17.205,0.0,0.0,719.462,1.557,0.232,633.463,15.148,0.0,10.603,0.0,5.077,1.461,30.239,427.651,10.226,1264.559,0.0,18.637,5.111,1.503,30.884,0.0,0.0,1291.525,0.0,19.034,0.0,0.0,0.0,0.0,0.0,0.0,0.0,0.0,0.0,0.0,5.538,4.637,88.363,0.0,0.0,3695.194,-6.561,-6.486,3862.456,92.363,0.0,54.459,0.645,0.202,0.0,6.878,0.041,8.447,0.0,26.965,0.0,0.0,0.397,0.0,162.258,5.111,1.503,30.884,0.0,0.0,1291.525,0.0,19.034,0.0,0.0,0.0,0.0,0.0,0.0,0.0,0.0,0.0,0.0,0.0,0.0,0.0,0.0,0.0,0.0
Colombia,1977,COL,24443926.0,151869472768.0,0.0,0.0,0.0,0.0,0.0,0.0,0.0,0.0,0.0,2.515,0.649,1082.258,26.455,0.0,0.0,16.133,4.754,1400.134,34.225,0.0,15.779,0.0,0.0,0.0,3.326,5.396,6858.704,1.104,3.624,4.761,0.0,0.0,5569.271,136.135,0.0,81.2,11.917,2.05,19.255,0.0,0.0,787.711,13.38,2.027,702.618,17.175,0.0,11.485,0.0,2.204,0.666,30.906,427.583,10.452,1264.359,0.0,18.434,2.065,0.635,31.519,0.0,0.0,1289.433,0.0,18.8,0.0,0.0,0.0,0.0,0.0,0.0,0.0,0.0,0.0,0.0,2.334,2.062,90.425,0.0,0.0,3699.302,-5.975,-5.519,3552.794,86.844,0.0,53.936,0.613,0.192,0.0,-4.95,-0.032,7.855,0.0,25.074,0.0,0.0,0.366,0.0,167.654,2.065,0.635,31.519,0.0,0.0,1289.433,0.0,18.8,0.0,0.0,0.0,0.0,0.0,0.0,0.0,0.0,0.0,0.0,0.0,0.0,0.0,0.0,0.0,0.0
Colombia,1978,COL,25003606.0,164779720704.0,0.0,0.0,0.0,0.0,0.0,0.0,0.0,0.0,0.0,1.074,0.284,1069.398,26.739,0.0,0.0,13.083,4.478,1547.869,38.702,0.0,15.176,0.0,0.0,0.0,5.09,8.533,7046.456,1.069,2.717,3.699,0.0,0.0,5592.558,139.834,0.0,79.367,23.869,4.596,23.851,0.0,0.0,953.892,32.801,5.633,912.198,22.808,0.0,13.537,0.0,15.496,4.789,35.695,482.788,12.071,1427.599,0.0,20.26,15.348,4.834,36.353,0.0,0.0,1453.899,0.0,20.633,0.0,0.0,0.0,0.0,0.0,0.0,0.0,0.0,0.0,0.0,-1.306,-1.181,89.245,0.0,0.0,3569.267,-4.937,-4.288,3301.78,82.556,0.0,50.653,0.658,0.206,0.0,7.292,0.045,8.239,0.0,26.3,0.0,0.0,0.373,0.0,176.187,15.348,4.834,36.353,0.0,0.0,1453.899,0.0,20.633,0.0,0.0,0.0,0.0,0.0,0.0,0.0,0.0,0.0,0.0,0.0,0.0,0.0,0.0,0.0,0.0
Colombia,1979,COL,25579328.0,173587382272.0,0.0,0.0,0.0,0.0,0.0,0.0,0.0,0.0,0.0,0.872,0.233,1054.445,26.972,0.0,0.0,2.756,1.066,1554.724,39.769,0.0,14.712,0.0,0.0,0.0,4.053,7.142,7167.057,1.056,2.573,3.597,0.0,0.0,5607.315,143.431,0.0,78.237,7.844,1.871,25.722,0.0,0.0,1005.558,14.239,3.248,1018.635,26.056,0.0,14.03,0.0,9.84,3.512,39.208,518.36,13.259,1532.785,0.0,21.387,9.757,3.544,39.897,0.0,0.0,1559.741,0.0,21.763,0.0,0.0,0.0,0.0,0.0,0.0,0.0,0.0,0.0,0.0,1.673,1.493,90.738,0.0,0.0,3547.312,-5.936,-4.9,3035.89,77.656,0.0,49.495,0.69,0.216,0.0,4.854,0.032,8.444,0.0,26.956,0.0,0.0,0.376,0.0,183.328,9.757,3.544,39.897,0.0,0.0,1559.741,0.0,21.763,0.0,0.0,0.0,0.0,0.0,0.0,0.0,0.0,0.0,0.0,0.0,0.0,0.0,0.0,0.0,0.0
Colombia,1980,COL,26176206.0,180717961216.0,0.0,0.0,0.0,0.0,0.0,0.0,0.0,0.0,0.0,4.876,1.315,1080.642,28.287,0.0,0.0,-22.218,-8.836,1181.714,30.933,0.0,14.831,0.0,0.0,0.0,4.04,7.406,7286.557,1.055,2.69,3.859,0.0,0.0,5626.87,147.29,0.0,77.223,10.303,2.65,28.372,0.0,0.0,1083.866,6.865,1.789,1063.743,27.845,0.0,14.875,0.0,8.958,3.512,42.72,551.914,14.447,1632.004,0.0,22.397,8.896,3.547,43.444,0.0,0.0,1659.687,0.0,22.777,0.0,0.0,0.0,0.0,0.0,0.0,0.0,0.0,0.0,0.0,-0.117,-0.106,90.631,0.0,0.0,3462.361,1.856,1.441,3021.723,79.097,0.0,47.517,0.725,0.227,0.0,5.093,0.035,8.672,0.0,27.683,0.0,0.0,0.38,0.0,190.734,8.896,3.547,43.444,0.0,0.0,1659.687,0.0,22.777,0.0,0.0,0.0,0.0,0.0,0.0,0.0,0.0,0.0,0.0,0.0,0.0,0.0,0.0,0.0,0.0
Colombia,1981,COL,26785992.0,184572133376.0,0.0,0.0,0.0,0.0,0.0,0.0,0.0,0.0,0.0,1.884,0.533,1075.936,28.82,0.0,0.0,3.52,1.089,1195.467,32.022,0.0,14.898,0.0,0.0,0.0,1.422,2.712,7221.912,1.048,2.238,3.297,0.0,0.0,5621.852,150.587,0.0,77.844,7.976,2.263,30.635,0.0,0.0,1143.676,9.604,2.674,1139.364,30.519,0.0,15.836,0.0,-1.258,-0.537,42.182,532.567,14.265,1574.795,0.0,21.806,-1.34,-0.585,42.859,0.0,0.0,1600.06,0.0,22.156,0.0,0.0,0.0,0.0,0.0,0.0,0.0,0.0,0.0,0.0,0.553,0.501,91.132,0.0,0.0,3402.24,6.697,5.297,3150.678,84.394,0.0,47.11,0.677,0.212,0.0,-6.608,-0.048,7.915,0.0,25.265,0.0,0.0,0.35,0.0,193.446,-1.34,-0.585,42.859,0.0,0.0,1600.06,0.0,22.156,0.0,0.0,0.0,0.0,0.0,0.0,0.0,0.0,0.0,0.0,0.0,0.0,0.0,0.0,0.0,0.0
Colombia,1982,COL,27405200.0,186378551296.0,0.0,0.0,0.0,0.0,0.0,0.0,0.0,0.0,0.0,4.123,1.188,1094.984,30.008,0.0,0.0,10.806,3.46,1294.718,35.482,0.0,15.077,0.0,0.0,0.0,2.891,5.592,7262.792,1.068,1.762,2.654,0.0,0.0,5591.665,153.241,0.0,76.991,7.824,2.397,33.031,0.0,0.0,1205.291,6.609,2.017,1187.22,32.536,0.0,16.595,0.0,6.822,2.878,45.06,556.045,15.239,1644.22,0.0,22.639,6.853,2.938,45.798,0.0,0.0,1671.128,0.0,23.009,0.0,0.0,0.0,0.0,0.0,0.0,0.0,0.0,0.0,0.0,-1.022,-0.931,90.201,0.0,0.0,3291.389,5.373,4.534,3244.949,88.928,0.0,45.319,0.737,0.231,0.0,8.962,0.061,8.429,0.0,26.907,0.0,0.0,0.37,0.0,199.038,6.853,2.938,45.798,0.0,0.0,1671.128,0.0,23.009,0.0,0.0,0.0,0.0,0.0,0.0,0.0,0.0,0.0,0.0,0.0,0.0,0.0,0.0,0.0,0.0
Colombia,1983,COL,28042326.0,189368025088.0,0.0,0.0,0.0,0.0,0.0,0.0,0.0,0.0,0.0,10.218,3.066,1179.45,33.075,0.0,0.0,14.284,5.068,1446.043,40.55,0.0,15.778,0.0,0.0,0.0,5.316,10.581,7475.116,1.107,6.653,10.196,0.0,0.0,5828.198,163.436,0.0,77.968,10.682,3.528,36.56,0.0,0.0,1303.735,9.864,3.21,1274.698,35.746,0.0,17.441,0.0,0.835,0.376,45.436,547.949,15.366,1620.28,0.0,21.676,0.842,0.386,46.183,0.0,0.0,1646.918,0.0,22.032,0.0,0.0,0.0,0.0,0.0,0.0,0.0,0.0,0.0,0.0,3.992,3.601,93.802,0.0,0.0,3345.013,7.3,6.491,3402.709,95.42,0.0,44.749,0.747,0.234,0.0,1.299,0.01,8.345,0.0,26.637,0.0,0.0,0.356,0.0,209.62,0.842,0.386,46.183,0.0,0.0,1646.918,0.0,22.032,0.0,0.0,0.0,0.0,0.0,0.0,0.0,0.0,0.0,0.0,0.0,0.0,0.0,0.0,0.0,0.0
Colombia,1984,COL,28689038.0,196136140800.0,0.0,0.0,0.0,0.0,0.0,0.0,0.0,0.0,0.0,4.11,1.359,1200.244,34.434,0.0,0.0,31.343,12.71,1856.456,53.26,0.0,16.213,0.0,0.0,0.0,1.316,2.759,7402.779,1.083,-1.563,-2.555,0.0,0.0,5607.756,160.881,0.0,75.752,-0.695,-0.254,36.306,0.0,0.0,1265.492,1.665,0.595,1266.712,36.341,0.0,17.095,0.0,11.548,5.247,50.683,597.448,17.14,1766.648,0.0,23.865,11.509,5.314,51.497,0.0,0.0,1795.022,0.0,24.248,0.0,0.0,0.0,0.0,0.0,0.0,0.0,0.0,0.0,0.0,-3.902,-3.66,90.142,0.0,0.0,3142.021,9.93,9.475,3656.264,104.895,0.0,42.444,0.814,0.255,0.0,8.974,0.067,8.888,0.0,28.374,0.0,0.0,0.383,0.0,212.379,11.509,5.314,51.497,0.0,0.0,1795.022,0.0,24.248,0.0,0.0,0.0,0.0,0.0,0.0,0.0,0.0,0.0,0.0,0.0,0.0,0.0,0.0,0.0,0.0
Colombia,1985,COL,29326256.0,202554130432.0,0.0,0.0,0.0,0.0,0.0,0.0,0.0,0.0,0.0,3.139,1.081,1211.022,35.515,0.0,0.0,35.212,18.754,2455.604,72.014,0.0,16.183,0.0,29.375,17.904,3.331,7.075,7483.166,1.083,1.983,3.191,0.0,0.0,5594.705,164.072,0.0,74.764,0.348,0.126,36.432,0.0,0.0,1242.308,2.0,0.727,1263.97,37.067,0.0,16.601,0.0,7.588,3.846,54.529,628.814,18.441,1859.397,62.778,24.848,7.545,3.884,55.381,0.0,0.0,1888.461,0.0,25.236,0.0,0.0,0.0,0.0,0.0,0.0,0.0,0.0,0.0,0.0,2.2,1.983,92.125,0.0,0.0,3141.375,5.566,5.839,3775.919,110.734,0.0,41.979,0.852,0.267,0.0,4.706,0.038,9.104,0.0,29.063,0.909,0.0,0.388,1001.651,219.453,7.545,3.884,55.381,0.0,0.0,1888.461,0.0,25.236,0.0,0.0,0.0,0.0,0.0,0.0,0.0,0.0,0.0,0.0,0.0,0.0,0.0,0.0,0.0,0.0
Colombia,1986,COL,29960106.0,214958407680.0,0.0,0.0,0.0,0.0,0.0,0.0,0.0,0.0,0.0,-1.257,-0.446,1170.504,35.068,0.0,0.0,19.646,14.148,2875.864,86.161,0.0,15.25,0.0,31.653,19.064,4.789,10.51,7675.651,1.07,1.195,1.961,0.0,0.0,5541.799,166.033,0.0,72.2,1.753,0.638,37.071,0.0,0.0,1237.337,-2.539,-0.941,1205.82,36.126,0.0,16.12,0.0,15.684,8.552,63.081,712.045,21.333,2105.51,67.396,27.431,15.454,8.549,63.93,0.0,0.0,2133.852,0.0,27.8,0.0,0.0,0.0,0.0,0.0,0.0,0.0,0.0,0.0,0.0,1.92,1.769,93.894,0.0,0.0,3133.958,68.593,75.956,6231.266,186.689,0.0,40.83,0.849,0.266,0.0,-0.375,-0.003,8.878,0.0,28.342,0.84,0.0,0.369,1056.503,229.963,15.454,8.549,63.93,0.0,0.0,2133.852,0.0,27.8,0.0,0.0,0.0,0.0,0.0,0.0,0.0,0.0,0.0,0.0,0.0,0.0,0.0,0.0,0.0,0.0
Colombia,1987,COL,30603052.0,226482438144.0,0.0,0.0,0.0,0.0,0.0,0.0,0.0,0.0,0.0,25.738,9.026,1440.846,44.094,0.0,0.0,35.923,30.951,3826.823,117.112,0.0,17.549,0.0,33.68,18.539,9.266,21.308,8210.648,1.109,9.42,15.64,0.0,0.0,5936.421,181.673,0.0,72.301,1.525,0.566,37.636,0.0,0.0,1229.82,5.378,1.943,1243.969,38.069,0.0,14.978,0.0,8.975,5.661,68.743,759.648,23.248,2246.272,69.024,27.358,8.874,5.668,69.598,0.0,0.0,2274.227,0.0,27.699,0.0,0.0,0.0,0.0,0.0,0.0,0.0,0.0,0.0,0.0,6.442,6.048,99.942,0.0,0.0,3265.755,26.841,50.11,7737.754,236.799,0.0,39.775,0.856,0.268,0.0,0.752,0.006,8.757,0.0,27.955,0.796,0.0,0.34,1100.553,251.271,8.874,5.668,69.598,0.0,0.0,2274.227,0.0,27.699,0.0,0.0,0.0,0.0,0.0,0.0,0.0,0.0,0.0,0.0,0.0,0.0,0.0,0.0,0.0,0.0
Colombia,1988,COL,31256726.0,235710464000.0,0.0,0.0,0.0,0.0,0.0,0.0,0.0,0.0,0.0,-20.229,-8.92,1125.346,35.175,0.0,0.0,3.474,4.069,3876.957,121.181,0.0,14.009,0.0,35.473,19.961,-0.071,-0.179,8033.223,1.065,-2.179,-3.959,0.0,0.0,5685.623,177.714,0.0,70.776,0.377,0.142,37.778,0.0,0.0,1208.644,-3.569,-1.359,1174.491,36.711,0.0,15.046,0.0,5.471,3.761,72.504,784.452,24.519,2319.616,69.121,28.875,5.434,3.78,73.378,0.0,0.0,2347.599,0.0,29.224,0.0,0.0,0.0,0.0,0.0,0.0,0.0,0.0,0.0,0.0,4.822,4.819,104.761,0.0,0.0,3351.633,-1.801,-4.265,7439.482,232.534,0.0,41.722,0.875,0.274,0.0,2.239,0.019,8.766,0.0,27.983,0.772,0.0,0.348,1134.9,251.092,5.434,3.78,73.378,0.0,0.0,2347.599,0.0,29.224,0.0,0.0,0.0,0.0,0.0,0.0,0.0,0.0,0.0,0.0,0.0,0.0,0.0,0.0,0.0,0.0
Colombia,1989,COL,31923126.0,243368624128.0,0.0,0.0,0.0,0.0,0.0,0.0,0.0,0.0,0.0,15.86,5.579,1276.61,40.753,0.0,0.0,25.171,30.502,4751.504,151.683,0.0,15.409,0.0,37.021,20.075,5.334,13.393,8285.066,1.087,3.771,6.702,0.0,0.0,5776.882,184.416,0.0,69.726,-4.551,-1.719,36.059,0.0,0.0,1129.557,1.067,0.392,1162.245,37.103,0.0,13.634,0.0,9.228,6.691,79.194,838.957,26.782,2480.786,72.343,29.943,9.126,6.691,80.069,0.0,0.0,2508.185,0.0,30.274,0.0,0.0,0.0,0.0,0.0,0.0,0.0,0.0,0.0,0.0,2.713,2.843,107.604,0.0,0.0,3370.715,6.839,15.903,7782.361,248.437,0.0,40.684,0.875,0.274,0.0,0.0,0.0,8.583,0.0,27.399,0.74,0.0,0.331,1159.686,264.485,9.126,6.691,80.069,0.0,0.0,2508.185,0.0,30.274,0.0,0.0,0.0,0.0,0.0,0.0,0.0,0.0,0.0,0.0,0.0,0.0,0.0,0.0,0.0,0.0
Colombia,1990,COL,32601396.0,253538205696.0,0.0,0.0,0.0,0.0,0.0,0.0,0.0,0.0,0.0,-54.404,-22.171,569.976,18.582,0.0,0.0,8.285,12.567,5038.114,164.25,0.0,7.36,0.0,38.246,19.309,-4.539,-12.004,7744.489,0.996,-7.654,-14.115,0.0,0.0,5223.75,170.302,0.0,67.451,3.773,1.36,37.419,0.0,0.0,1147.788,5.777,2.143,1203.813,39.246,0.0,14.821,0.0,2.665,2.111,81.305,843.395,27.496,2493.91,71.893,32.202,2.638,2.111,82.18,851.799,27.77,2520.739,72.609,32.549,0.0,0.0,0.0,0.0,0.0,0.0,0.0,0.0,0.0,0.0,6.223,6.696,114.3,0.0,0.0,3505.986,9.417,23.396,8338.091,271.833,0.0,45.271,0.875,0.274,0.0,0.0,0.0,8.405,0.0,26.829,0.716,0.0,0.346,1173.131,252.481,2.638,2.111,82.18,851.799,27.77,2520.739,72.609,32.549,0.0,0.0,0.0,0.0,0.0,0.0,0.0,0.0,0.0,0.0,0.0,0.0,0.0,0.0,0.0,0.0
Colombia,1991,COL,33272632.0,259415670784.0,0.0,0.0,0.0,0.0,0.0,0.0,0.0,0.0,0.0,25.761,4.787,702.345,23.369,0.0,0.0,-2.135,-3.507,4831.081,160.743,0.0,9.017,0.0,40.124,19.638,2.649,6.688,7789.251,0.999,3.537,6.023,0.0,0.0,5299.384,176.324,0.0,68.035,3.108,1.163,38.583,0.0,0.0,1159.587,-0.98,-0.384,1167.972,38.861,0.0,14.887,0.0,0.837,0.681,81.986,833.3,27.726,2464.059,69.102,31.634,0.811,0.665,82.844,841.385,27.995,2489.867,69.772,31.965,0.0,0.0,0.0,0.0,0.0,0.0,0.0,0.0,0.0,0.0,0.064,0.073,114.373,0.0,0.0,3437.453,-3.402,-9.249,7891.904,262.584,0.0,44.131,0.859,0.269,0.0,-1.825,-0.016,8.085,0.0,25.808,0.67,0.0,0.331,1205.901,259.169,0.811,0.665,82.844,841.385,27.995,2489.867,69.772,31.965,0.0,0.0,0.0,0.0,0.0,0.0,0.0,0.0,0.0,0.0,0.0,0.0,0.0,0.0,0.0,0.0
Colombia,1992,COL,33939044.0,270562869248.0,0.0,0.0,0.0,0.0,0.0,0.0,0.0,0.0,0.0,67.261,15.718,1151.682,39.087,0.0,0.0,9.331,14.998,5178.135,175.741,0.0,14.557,0.0,36.613,16.334,3.603,9.337,7911.416,0.992,14.299,25.213,0.0,0.0,5938.208,201.537,0.0,75.059,-1.599,-0.617,37.966,0.0,0.0,1118.645,2.438,0.947,1172.956,39.809,0.0,14.14,0.0,-19.64,-16.102,65.883,656.488,22.281,1941.229,60.854,24.537,-19.198,-15.876,66.969,666.506,22.621,1973.208,61.783,24.941,0.0,0.0,0.0,0.0,0.0,0.0,0.0,0.0,0.0,0.0,8.841,10.111,124.484,0.0,0.0,3667.881,3.059,8.031,7973.584,270.616,0.0,46.362,1.085,0.34,0.0,26.394,0.227,10.018,0.0,31.979,0.929,0.0,0.404,1078.79,268.506,-19.198,-15.876,66.969,666.506,22.621,1973.208,61.783,24.941,0.0,0.0,0.0,0.0,0.0,0.0,0.0,0.0,0.0,0.0,0.0,0.0,0.0,0.0,0.0,0.0
Colombia,1993,COL,34614732.0,286025318400.0,0.0,0.0,0.0,0.0,0.0,0.0,0.0,0.0,0.0,4.849,1.895,1183.95,40.982,0.0,0.0,-0.854,-1.501,5033.704,174.24,0.0,14.026,0.0,41.691,17.605,8.819,23.68,8441.098,1.022,3.491,7.036,0.0,0.0,6025.57,208.574,0.0,71.384,3.822,1.451,39.417,0.0,0.0,1138.728,-2.098,-0.835,1125.93,38.974,0.0,13.49,0.0,25.025,16.488,82.371,804.755,27.856,2379.653,66.816,28.191,24.866,16.644,83.613,815.993,28.245,2415.527,67.749,28.616,0.0,0.0,0.0,0.0,0.0,0.0,0.0,0.0,0.0,0.0,2.964,3.69,128.175,0.0,0.0,3702.892,3.279,8.873,8074.282,279.489,0.0,43.867,1.242,0.389,0.0,14.412,0.156,11.238,0.0,35.874,0.933,0.0,0.425,1204.432,292.186,24.866,16.644,83.613,815.993,28.245,2415.527,67.749,28.616,0.0,0.0,0.0,0.0,0.0,0.0,0.0,0.0,0.0,0.0,0.0,0.0,0.0,0.0,0.0,0.0
Colombia,1994,COL,35295460.0,300636176384.0,0.0,0.0,0.0,0.0,0.0,0.0,0.0,0.0,0.0,14.461,5.926,1329.025,46.909,0.0,0.0,4.384,7.64,5153.065,181.88,0.0,14.826,0.0,45.024,17.819,8.284,24.203,8964.032,1.052,5.563,11.602,0.0,0.0,6238.083,220.176,0.0,69.59,-1.066,-0.42,38.996,0.0,0.0,1104.859,3.158,1.231,1139.084,40.204,0.0,12.325,0.0,15.085,12.425,94.796,908.287,32.058,2685.793,71.202,29.962,15.071,12.601,96.214,920.866,32.502,2725.95,72.189,30.41,0.0,0.0,0.0,0.0,0.0,0.0,0.0,0.0,0.0,0.0,4.756,6.096,134.271,0.0,0.0,3804.199,0.371,1.037,7947.939,280.526,0.0,42.438,1.417,0.444,0.0,14.139,0.176,12.58,0.0,40.156,0.986,0.0,0.448,1275.64,316.39,15.071,12.601,96.214,920.866,32.502,2725.95,72.189,30.41,0.0,0.0,0.0,0.0,0.0,0.0,0.0,0.0,0.0,0.0,0.0,0.0,0.0,0.0,0.0,0.0
Colombia,1995,COL,35970104.0,316101722112.0,0.0,0.0,0.0,0.0,0.0,0.0,0.0,0.0,0.0,-10.513,-4.932,1166.994,41.977,0.0,0.0,13.567,24.676,5742.429,206.556,0.0,12.967,0.0,47.483,18.258,2.318,7.335,8999.828,1.024,3.376,7.434,0.0,0.0,6327.749,227.61,0.0,70.31,6.349,2.476,41.472,0.0,0.0,1152.971,4.837,1.944,1171.779,42.149,0.0,12.811,0.0,-0.215,-0.204,94.592,889.333,31.989,2629.748,67.37,29.22,-0.111,-0.099,96.115,902.594,32.466,2672.08,68.374,29.69,0.0,0.0,0.0,0.0,0.0,0.0,0.0,0.0,0.0,0.0,7.365,9.889,144.16,0.0,0.0,4007.782,28.584,80.185,10028.085,360.711,0.0,44.532,1.523,0.477,0.0,7.432,0.105,13.261,0.0,42.332,1.005,0.0,0.47,1320.082,323.725,-0.111,-0.099,96.115,902.594,32.466,2672.08,68.374,29.69,0.0,0.0,0.0,0.0,0.0,0.0,0.0,0.0,0.0,0.0,0.0,0.0,0.0,0.0,0.0,0.0
Colombia,1996,COL,36632576.0,322403827712.0,0.0,0.0,0.0,0.0,0.0,0.0,0.0,0.0,0.0,-22.479,-9.436,888.308,32.541,0.0,0.0,14.856,30.686,6476.264,237.242,0.0,9.668,0.0,48.371,18.154,3.977,12.874,9188.513,1.044,1.345,3.061,0.0,0.0,6296.866,230.67,0.0,68.53,8.753,3.63,45.103,0.0,0.0,1231.22,7.876,3.319,1241.204,45.468,0.0,13.4,0.0,10.31,9.753,104.345,963.285,35.288,2848.424,72.952,31.0,10.217,9.813,105.928,976.825,35.784,2891.646,73.977,31.47,0.0,0.0,0.0,0.0,0.0,0.0,0.0,0.0,0.0,0.0,6.15,8.866,153.027,0.0,0.0,4177.338,7.561,27.272,10591.217,387.984,0.0,45.463,1.583,0.496,0.0,3.983,0.061,13.54,0.0,43.222,1.025,0.0,0.47,1320.44,336.599,10.217,9.813,105.928,976.825,35.784,2891.646,73.977,31.47,0.0,0.0,0.0,0.0,0.0,0.0,0.0,0.0,0.0,0.0,0.0,0.0,0.0,0.0,0.0,0.0
Colombia,1997,COL,37291948.0,333997146112.0,0.0,0.0,0.0,0.0,0.0,0.0,0.0,0.0,0.0,18.437,6.0,1033.483,38.541,0.0,0.0,10.75,25.502,7045.615,262.745,0.0,11.264,0.0,49.906,17.855,1.655,5.571,9175.434,1.024,7.32,16.884,0.0,0.0,6638.282,247.554,0.0,72.348,25.802,11.637,56.74,0.0,0.0,1521.508,24.79,11.271,1521.508,56.74,0.0,16.582,0.0,-10.802,-11.272,93.073,844.036,31.476,2495.806,63.07,27.201,-10.689,-11.313,94.615,856.988,31.959,2537.151,64.037,27.652,0.0,0.0,0.0,0.0,0.0,0.0,0.0,0.0,0.0,0.0,-0.492,-0.753,152.274,0.0,0.0,4083.291,4.428,17.179,10864.611,405.163,0.0,44.502,1.542,0.483,0.0,-2.621,-0.041,12.952,0.0,41.345,0.968,0.0,0.451,1338.26,342.17,-10.689,-11.313,94.615,856.988,31.959,2537.151,64.037,27.652,0.0,0.0,0.0,0.0,0.0,0.0,0.0,0.0,0.0,0.0,0.0,0.0,0.0,0.0,0.0,0.0
Colombia,1998,COL,37944416.0,335365603328.0,0.0,0.0,0.0,0.0,0.0,0.0,0.0,0.0,0.0,-4.898,-1.888,965.965,36.653,0.0,0.0,2.501,6.572,7097.67,269.317,0.0,10.577,0.0,50.283,17.636,1.272,4.351,9132.335,1.033,2.524,6.247,0.0,0.0,6688.777,253.802,0.0,73.243,16.12,9.146,65.886,0.0,0.0,1736.388,14.373,8.156,1710.278,64.896,0.0,19.014,0.0,-2.205,-2.052,91.021,811.231,30.782,2398.801,61.217,26.267,-2.018,-1.896,92.719,825.251,31.314,2443.557,62.275,26.757,0.0,0.0,0.0,0.0,0.0,0.0,0.0,0.0,0.0,0.0,-0.664,-1.011,151.263,0.0,0.0,3986.424,15.992,64.793,12385.354,469.955,0.0,43.652,1.698,0.532,0.0,10.145,0.156,14.021,0.0,44.756,1.058,0.0,0.49,1325.179,346.521,-2.018,-1.896,92.719,825.251,31.314,2443.557,62.275,26.757,0.0,0.0,0.0,0.0,0.0,0.0,0.0,0.0,0.0,0.0,0.0,0.0,0.0,0.0,0.0,0.0
Colombia,1999,COL,38585040.0,321583120384.0,0.0,0.0,0.0,0.0,0.0,0.0,0.0,0.0,0.0,-20.137,-7.381,758.637,29.272,0.0,0.0,-2.405,-6.476,6811.993,262.841,0.0,9.066,0.0,47.775,18.668,-6.824,-23.647,8367.868,1.004,-12.623,-32.039,0.0,0.0,5747.389,221.763,0.0,68.684,-13.625,-8.977,56.909,0.0,0.0,1474.898,-12.276,-7.966,1475.416,56.929,0.0,17.626,0.0,9.483,8.631,99.652,873.413,33.701,2582.671,70.541,30.864,9.082,8.392,101.111,885.257,34.158,2620.48,71.497,31.316,0.0,0.0,0.0,0.0,0.0,0.0,0.0,0.0,0.0,0.0,-10.366,-15.68,135.582,0.0,0.0,3513.854,8.159,38.344,13173.471,508.299,0.0,41.992,1.459,0.457,0.0,-14.098,-0.239,11.844,0.0,37.808,0.957,0.0,0.452,1238.167,322.875,9.082,8.392,101.111,885.257,34.158,2620.48,71.497,31.316,0.0,0.0,0.0,0.0,0.0,0.0,0.0,0.0,0.0,0.0,0.0,0.0,0.0,0.0,0.0,0.0
Colombia,2000,COL,39215136.0,330615619584.0,0.0,0.0,0.0,0.0,12.75,0.5,1.168,0.0,189.208,7.399,2.166,801.676,31.438,53.041,2.08,16.755,44.04,7825.564,306.881,4.859,10.006,42.85,42.81,16.872,-2.692,-8.69,8011.813,0.95,-0.13,-0.289,269.029,10.55,5647.662,221.474,24.644,70.492,0.789,0.449,57.358,210.378,8.25,1462.651,0.754,0.429,1462.651,57.358,19.271,18.256,8.1,-8.56,-8.531,91.122,809.636,31.75,2323.637,74.165,29.003,-8.326,-8.401,92.711,822.641,32.26,2364.151,75.356,29.508,0.04,0.093,0.0,0.0,0.0,0.0,0.0,0.0,0.0,0.0,-2.142,-2.904,132.678,5.61,0.22,3383.335,-16.983,-86.326,10760.453,421.973,0.514,42.229,1.583,0.5,0.0,8.534,0.124,12.75,0.0,40.376,1.168,0.0,0.504,1091.67,314.184,-8.326,-8.401,92.711,822.641,32.26,2364.151,75.356,29.508,0.0,0.005,0.005,0.255,0.01,0.138,0.023,0.002,0.0,0.0,0.0,0.0,0.0,0.0,0.0,0.0
Colombia,2001,COL,39837876.0,336096690176.0,0.0,0.0,0.0,0.0,12.551,0.5,1.159,0.0,197.728,-1.525,-0.479,777.11,30.958,55.977,2.23,14.825,45.496,8845.264,352.377,5.169,9.77,42.97,43.14,16.962,0.853,2.68,7953.855,0.943,0.393,0.87,279.884,11.15,5581.208,222.343,25.846,70.17,3.542,2.032,59.39,218.134,8.69,1490.791,3.542,2.032,1490.791,59.39,20.144,18.743,8.53,2.651,1.808,92.93,790.203,31.48,2332.706,72.972,29.328,2.612,1.811,94.521,803.005,31.99,2372.647,74.154,29.83,-0.17,-0.396,0.0,0.0,0.0,0.0,0.0,0.0,0.0,0.0,-0.515,-0.683,131.995,5.773,0.23,3313.307,-12.322,-51.994,9287.1,369.978,0.533,41.657,1.583,0.5,0.0,0.0,0.0,12.551,0.0,39.744,1.159,0.0,0.5,1082.889,316.865,2.612,1.811,94.521,803.005,31.99,2372.647,74.154,29.83,45.435,0.002,0.008,0.251,0.01,0.197,0.023,0.002,0.0,0.0,0.0,0.0,0.0,0.0,0.0,0.0
Colombia,2002,COL,40454056.0,344517672960.0,0.0,0.0,0.0,0.0,12.113,0.49,1.096,0.0,183.404,-17.756,-5.497,629.391,25.461,53.641,2.17,-10.082,-35.526,7832.366,316.851,4.854,8.034,44.1,44.71,17.86,0.023,0.071,7834.47,0.92,-2.759,-6.135,261.531,10.58,5344.534,216.208,23.664,68.218,1.005,0.597,59.987,202.205,8.18,1482.838,1.005,0.597,1482.838,59.987,18.296,18.927,8.2,7.383,6.217,99.147,831.313,33.63,2450.856,75.218,31.283,7.259,6.207,100.728,843.673,34.13,2489.937,76.336,31.782,-0.61,-1.383,0.0,0.0,0.0,0.0,0.0,0.0,0.0,0.0,-0.936,-1.235,130.76,5.685,0.23,3232.305,-4.305,-15.926,8751.955,354.052,0.514,41.257,1.567,0.49,0.0,-1.008,-0.016,12.113,0.0,38.744,1.096,0.0,0.495,1105.204,316.936,7.259,6.207,100.728,843.673,34.13,2489.937,76.336,31.782,74.286,0.006,0.014,0.247,0.01,0.336,0.022,0.004,0.0,0.0,0.0,0.0,0.0,0.0,0.0,0.0
Colombia,2003,COL,41057688.0,357889179648.0,0.0,0.0,0.0,0.0,12.178,0.5,1.082,0.0,172.078,10.853,2.763,687.443,28.225,68.44,2.81,26.703,84.609,9777.96,401.46,6.082,8.742,45.09,46.2,18.285,1.87,5.927,7863.652,0.902,0.065,0.141,240.637,9.88,5269.384,216.349,21.385,67.009,-4.146,-2.487,57.5,166.351,6.83,1400.464,-4.146,-2.487,1400.464,57.5,14.784,17.809,7.95,6.501,5.769,104.916,872.187,35.81,2555.33,77.511,32.495,6.424,5.787,106.515,884.609,36.32,2594.268,78.615,32.991,-1.11,-2.462,0.0,0.0,0.0,0.0,0.0,0.0,0.0,0.0,-0.104,-0.136,130.624,5.845,0.24,3181.478,-6.401,-22.664,8071.275,331.388,0.519,40.458,1.58,0.5,0.0,0.815,0.013,12.178,0.0,38.486,1.082,0.0,0.489,1125.246,322.863,6.424,5.787,106.515,884.609,36.32,2594.268,78.615,32.991,37.705,0.005,0.019,0.244,0.01,0.452,0.022,0.006,0.0,0.0,0.0,0.0,0.0,0.0,0.0,0.0
Colombia,2004,COL,41648272.0,376728256512.0,0.0,0.0,0.0,0.0,11.285,0.47,0.953,0.0,148.388,-12.493,-3.526,593.031,24.699,44.66,1.86,7.715,30.971,10382.947,432.432,3.771,7.274,47.7,49.33,18.433,5.162,16.667,8152.334,0.901,5.114,11.064,218.977,9.12,5460.328,227.413,18.488,66.979,6.693,3.848,61.348,168.314,7.01,1473.007,6.693,3.848,1473.007,61.348,14.21,18.069,7.32,5.953,5.538,110.454,952.741,39.68,2652.064,80.438,32.531,5.942,5.603,112.117,965.466,40.21,2692.006,81.512,33.021,-1.63,-3.417,0.0,0.0,0.0,0.0,0.0,0.0,0.0,0.0,8.224,10.742,141.366,6.003,0.25,3394.291,-2.082,-6.899,7791.175,324.489,0.507,41.636,1.491,0.47,0.0,-5.657,-0.089,11.285,0.0,35.794,0.953,0.0,0.439,1184.443,339.531,5.942,5.603,112.117,965.466,40.21,2692.006,81.512,33.021,24.149,0.004,0.023,0.24,0.01,0.55,0.02,0.007,0.0,0.15,0.15,1.201,0.05,3.597,0.101,0.044
Colombia,2005,COL,42220944.0,394076061696.0,0.0,0.162,3.84,0.162,11.842,0.5,1.001,0.049,159.992,-36.991,-9.136,368.593,15.562,55.186,2.33,10.74,46.443,11342.113,478.875,4.666,4.655,48.2,49.94,19.194,-1.54,-5.229,7917.907,0.848,-3.234,-7.354,236.376,9.98,5212.084,220.059,19.984,65.827,5.078,3.115,64.463,175.268,7.4,1526.812,5.078,3.115,1526.812,64.463,14.818,19.283,7.99,2.324,1.852,112.306,933.186,39.4,2659.95,78.895,33.594,2.8,2.125,114.242,946.45,39.96,2705.823,80.016,34.173,-1.74,-3.61,0.0,0.0,0.0,0.0,0.0,0.0,0.0,0.0,-0.943,-1.333,140.033,5.921,0.25,3316.679,-0.675,-2.19,7633.624,322.299,0.501,41.888,1.606,0.5,0.0,7.709,0.115,11.842,0.0,38.03,1.001,0.0,0.48,1182.825,334.302,2.8,2.125,114.242,946.45,39.96,2705.823,80.016,34.173,19.864,0.004,0.027,0.237,0.01,0.646,0.02,0.008,-4.828,-0.008,0.142,1.184,0.05,3.356,0.1,0.042
Colombia,2006,COL,42772912.0,420283842560.0,857.02,1.39,36.279,1.552,12.391,0.53,0.994,0.402,158.98,184.855,28.768,1036.405,44.33,66.397,2.84,10.426,49.929,12363.055,528.804,5.324,11.485,51.55,53.34,17.433,15.461,51.685,9024.093,0.918,18.833,41.443,243.846,10.43,6113.735,261.502,19.554,67.749,4.938,3.183,67.647,172.539,7.38,1581.534,4.938,3.183,1581.534,67.647,13.836,17.526,8.48,8.508,8.789,121.094,989.177,42.31,2831.101,79.321,31.373,11.885,10.242,124.484,1003.205,42.91,2910.357,80.446,32.251,-1.79,-3.472,0.0,0.0,0.0,0.0,0.0,0.0,0.0,0.0,6.778,9.492,149.525,4.91,0.21,3495.797,0.237,0.764,7552.972,323.063,0.394,38.738,1.659,0.53,0.0,3.325,0.053,12.391,0.0,38.788,0.994,0.0,0.43,1247.051,385.987,11.885,10.242,124.484,1003.205,42.91,2910.357,80.446,32.251,-100.0,-0.027,0.0,0.234,0.01,0.0,0.019,0.0,27.287,0.038,0.179,1.403,0.06,4.19,0.112,0.046
Colombia,2007,COL,43306592.0,448731316224.0,7.872,0.122,38.653,1.674,12.238,0.53,0.967,0.427,155.138,-11.951,-5.298,901.293,39.032,78.279,3.39,5.605,29.642,12895.163,558.446,6.187,9.95,53.95,54.79,17.674,1.628,6.284,9058.002,0.874,0.855,2.236,235.53,10.2,6090.014,263.738,18.617,67.234,5.868,3.97,71.616,151.709,6.57,1653.705,7.291,4.932,1675.931,72.579,11.991,18.257,8.5,3.957,4.005,125.1,1016.012,44.0,2888.695,80.307,31.891,3.984,4.049,128.533,1029.635,44.59,2967.987,81.383,32.766,-0.84,-1.557,0.0,0.0,0.0,0.0,0.0,0.0,0.0,0.0,2.384,3.564,153.089,5.542,0.24,3535.016,0.699,2.257,7512.019,325.32,0.438,39.026,1.619,0.53,0.0,-2.422,-0.04,12.238,0.0,37.382,0.967,0.0,0.413,1265.165,392.271,3.984,4.049,128.533,1029.635,44.59,2967.987,81.383,32.766,0.0,0.0,0.0,0.231,0.01,0.0,0.018,0.0,-20.785,-0.038,0.141,1.155,0.05,3.258,0.091,0.036
Colombia,2008,COL,43815316.0,464038723584.0,1.459,0.024,38.761,1.698,12.324,0.54,0.973,0.416,137.527,32.307,12.61,1178.631,51.642,66.643,2.92,5.15,28.759,13401.818,587.205,5.263,12.643,54.08,55.48,17.148,4.132,16.209,9322.767,0.88,4.38,11.552,204.038,8.94,6282.95,275.289,16.114,67.394,1.585,1.135,72.751,131.461,5.76,1660.404,20.13,14.61,1989.912,87.189,10.382,17.81,7.63,4.337,4.615,129.715,1048.492,45.94,2960.489,82.805,31.755,4.195,4.657,133.191,1062.186,46.54,3039.818,83.886,32.606,-1.4,-2.589,0.0,0.0,0.0,0.0,0.0,0.0,0.0,0.0,-1.433,-2.193,150.896,5.934,0.26,3443.914,10.954,35.635,8238.089,360.954,0.469,36.941,1.626,0.54,0.0,0.436,0.007,12.324,0.0,37.109,0.973,0.0,0.398,1266.224,408.48,4.195,4.657,133.191,1062.186,46.54,3039.818,83.886,32.606,0.0,0.0,0.0,0.228,0.01,0.0,0.018,0.0,8.072,0.01,0.152,1.141,0.05,3.458,0.09,0.037
Colombia,2009,COL,44313916.0,471326588928.0,118.089,2.006,83.583,3.704,12.186,0.54,0.952,0.917,211.63,-8.019,-4.141,1071.917,47.501,94.101,4.17,-0.945,-5.55,13125.788,581.655,7.348,11.764,55.69,56.75,17.322,-1.15,-4.698,9111.861,0.857,2.68,7.378,349.777,15.5,6378.752,282.667,27.313,70.005,15.178,11.042,83.793,246.875,10.94,1890.9,15.976,13.93,2281.861,101.118,19.278,20.752,12.01,-11.533,-15.668,114.047,917.093,40.64,2573.616,71.612,28.245,-5.824,-12.076,121.115,930.859,41.25,2733.109,72.687,29.995,-1.06,-1.903,0.0,0.0,0.0,0.0,0.0,0.0,0.0,0.0,0.316,0.477,151.373,8.801,0.39,3415.935,13.803,49.821,9269.683,410.776,0.687,37.489,3.203,0.54,0.0,96.974,1.577,12.186,0.0,72.273,0.952,0.0,0.793,1280.636,403.782,-5.824,-12.076,121.115,930.859,41.25,2733.109,72.687,29.995,0.0,0.0,0.0,0.226,0.01,0.0,0.018,0.0,7.029,0.01,0.161,1.354,0.06,3.637,0.106,0.04
Colombia,2010,COL,44816104.0,489870196736.0,41.526,1.538,116.966,5.242,53.998,2.42,4.018,1.235,229.454,17.698,8.407,1247.483,55.907,90.146,4.04,2.119,12.325,13253.715,593.98,6.708,13.167,59.44,60.23,17.167,5.156,20.819,9474.296,0.867,7.242,20.471,396.286,17.76,6764.048,303.138,29.487,71.394,4.366,3.658,87.451,267.091,11.97,1951.338,7.235,7.316,2419.529,108.434,19.874,20.596,13.82,-0.685,-1.477,112.57,892.536,40.0,2511.83,66.412,26.512,2.951,0.348,121.463,947.651,42.47,2710.248,70.513,28.606,-0.79,-1.329,0.0,0.0,0.0,0.0,0.0,0.0,0.0,0.0,5.553,8.406,159.78,39.048,1.75,3565.227,17.188,70.603,10741.204,481.379,2.906,37.631,3.543,2.42,0.0,10.635,0.341,53.998,0.0,79.063,4.018,0.0,0.834,1343.937,424.601,2.951,0.348,121.463,947.651,42.47,2710.248,70.513,28.606,0.0,0.0,0.0,0.223,0.01,0.0,0.017,0.0,-33.163,-0.054,0.107,0.893,0.04,2.389,0.066,0.025
Colombia,2011,COL,45308896.0,521323249664.0,29.053,1.523,149.307,6.765,44.141,2.0,3.241,1.524,151.378,-19.033,-10.641,999.063,45.266,49.659,2.25,15.404,91.498,15128.995,685.478,3.647,10.2,60.17,61.7,17.325,4.521,19.196,9794.911,0.851,-1.391,-4.215,248.516,11.26,6597.447,298.923,18.25,67.356,-2.632,-2.302,85.15,168.62,7.64,1879.316,-2.744,-2.975,2327.544,105.458,12.382,19.187,9.34,19.405,21.024,133.595,1068.002,48.39,2948.531,78.428,30.103,20.585,23.411,144.874,1113.247,50.44,3197.464,81.75,32.644,-1.53,-2.543,0.0,0.0,0.0,0.0,0.0,0.0,0.0,0.0,5.462,8.727,168.507,30.237,1.37,3719.069,16.466,79.264,12373.786,560.643,2.22,37.969,4.4,2.0,0.0,24.181,0.857,44.141,0.0,97.113,3.241,0.0,0.991,1361.764,443.797,20.585,23.411,144.874,1113.247,50.44,3197.464,81.75,32.644,0.0,0.0,0.0,0.221,0.01,0.0,0.016,0.0,7.006,0.007,0.114,0.883,0.04,2.513,0.065,0.026
Colombia,2012,COL,45782420.0,541722640384.0,7.579,0.513,158.961,7.278,42.593,1.95,3.092,1.542,179.036,20.532,9.294,1191.731,54.56,73.391,3.36,4.75,32.562,15683.749,718.04,5.328,11.561,62.35,63.06,16.348,6.34,28.136,10308.172,0.871,10.171,30.404,304.484,13.94,7193.312,329.327,22.106,69.783,11.168,9.509,94.659,196.364,8.99,2067.583,9.291,9.798,2517.483,115.256,14.256,20.058,11.29,-1.746,-3.129,130.466,1028.998,47.11,2849.696,74.707,27.645,-0.392,-2.268,142.606,1072.901,49.12,3114.861,77.894,30.217,-0.71,-1.139,0.0,0.0,0.0,0.0,0.0,0.0,0.0,0.0,6.885,11.601,180.108,34.729,1.59,3933.997,3.435,19.259,12666.472,579.902,2.521,38.164,4.712,1.95,0.0,7.086,0.312,42.593,0.0,102.919,3.092,0.0,0.998,1377.385,471.933,-0.392,-2.268,142.606,1072.901,49.12,3114.861,77.894,30.217,0.0,0.0,0.0,0.218,0.01,0.0,0.016,0.0,32.91,0.037,0.15,1.092,0.05,3.285,0.079,0.032
Colombia,2013,COL,46237928.0,569534644224.0,4.526,0.329,164.519,7.607,22.709,1.05,1.428,1.568,236.022,7.569,4.13,1269.304,58.69,130.629,6.04,-4.249,-30.511,14869.381,687.529,8.217,12.1,72.16,73.51,17.905,2.777,13.107,10490.081,0.852,6.906,22.743,489.425,22.63,7614.319,352.07,30.785,72.586,10.684,10.114,104.773,332.195,15.36,2265.944,14.731,16.978,2859.876,132.235,20.895,21.601,17.35,-6.765,-9.559,120.907,1076.173,49.76,2614.891,67.691,24.927,-5.349,-9.637,132.969,1100.395,50.88,2875.762,69.215,27.414,-1.35,-1.871,0.0,0.0,0.0,0.0,0.0,0.0,0.0,0.0,4.719,8.5,188.608,26.602,1.23,4079.071,6.672,38.692,13378.493,618.594,1.673,38.885,4.298,1.05,0.0,-8.782,-0.414,22.709,0.0,92.956,1.428,0.0,0.886,1589.82,485.04,-5.349,-9.637,132.969,1100.395,50.88,2875.762,69.215,27.414,0.0,0.0,0.0,0.216,0.01,0.0,0.014,0.0,5.05,0.007,0.157,1.298,0.06,3.397,0.082,0.032
Colombia,2014,COL,46677944.0,595158040576.0,3.758,0.286,169.091,7.893,28.922,1.35,1.916,1.546,236.73,5.924,3.477,1331.826,62.167,116.972,5.46,3.913,26.9,15305.501,714.429,7.749,12.176,69.66,70.46,16.297,5.267,25.546,10938.481,0.858,6.732,23.703,466.602,21.78,8050.34,375.773,30.911,73.597,8.655,9.068,113.841,305.069,14.24,2438.852,-6.735,-8.906,2642.112,123.328,20.21,22.296,16.68,0.855,0.303,121.21,1012.255,47.25,2596.737,67.059,23.739,1.986,1.843,134.813,1042.891,48.68,2888.142,69.089,26.403,-0.8,-1.148,0.0,0.0,0.0,0.0,0.0,0.0,0.0,0.0,5.916,11.158,199.766,44.561,2.08,4279.662,-1.93,-11.94,12996.58,606.654,2.952,39.125,5.519,1.35,0.0,28.408,1.221,28.922,0.0,118.237,1.916,0.0,1.081,1509.492,510.586,1.986,1.843,134.813,1042.891,48.68,2888.142,69.089,26.403,0.0,0.0,0.0,0.214,0.01,0.0,0.014,0.0,21.875,0.033,0.19,1.5,0.07,4.076,0.099,0.037
Colombia,2015,COL,47119728.0,612750917632.0,1.152,0.091,169.436,7.984,29.075,1.37,1.757,1.652,275.362,-7.057,-4.387,1226.237,57.78,149.831,7.06,-3.275,-23.394,14665.512,691.035,9.055,11.953,77.56,77.97,19.183,-5.324,-27.183,10259.04,0.789,-7.101,-26.684,606.54,28.58,7408.554,349.089,36.655,72.215,-1.514,-1.723,112.117,380.944,17.95,2379.413,-5.858,-7.225,2464.003,116.103,23.022,23.193,21.47,-0.134,-0.883,120.327,1017.408,47.94,2553.646,61.485,24.892,0.226,-0.498,134.314,1048.181,49.39,2850.486,63.345,27.785,-0.41,-0.529,0.0,0.0,0.0,0.0,0.0,0.0,0.0,0.0,-10.299,-20.574,179.192,75.764,3.57,3802.904,1.534,9.308,13072.264,615.961,4.579,37.069,5.819,1.37,0.0,5.436,0.3,29.075,0.0,123.495,1.757,0.0,1.204,1654.721,483.403,0.226,-0.498,134.314,1048.181,49.39,2850.486,63.345,27.785,0.0,0.0,0.0,0.212,0.01,0.0,0.013,0.0,-2.638,-0.006,0.184,1.486,0.07,3.908,0.09,0.038
Colombia,2016,COL,47625960.0,625545117696.0,-1.264,-0.101,165.516,7.883,30.656,1.46,1.917,1.447,259.551,9.981,5.767,1334.294,63.547,129.761,6.18,5.493,37.956,15306.596,728.991,8.113,11.668,76.5,76.17,16.457,12.663,61.214,11435.303,0.871,16.011,55.891,549.91,26.19,8503.356,404.981,34.384,74.361,7.642,8.567,120.685,333.852,15.9,2534.012,3.288,3.818,2517.979,119.921,20.874,22.16,19.77,4.713,4.926,125.253,1017.512,48.46,2629.932,63.621,22.998,3.956,5.323,139.637,1049.428,49.98,2931.946,65.616,25.639,0.33,0.431,0.0,0.0,0.0,0.0,0.0,0.0,0.0,0.0,23.191,41.557,220.749,86.297,4.11,4635.05,-11.66,-71.82,11425.304,544.141,5.396,40.533,6.365,1.46,0.0,9.375,0.546,30.656,0.0,133.638,1.917,0.0,1.169,1599.338,544.617,3.956,5.323,139.637,1049.428,49.98,2931.946,65.616,25.639,0.0,0.0,0.0,0.21,0.01,0.0,0.013,0.0,-25.579,-0.048,0.136,1.05,0.05,2.86,0.066,0.025
Colombia,2017,COL,48351668.0,634046316544.0,-3.955,-0.312,156.585,7.571,29.368,1.42,1.81,1.377,166.178,-23.792,-15.119,1001.581,48.428,65.148,3.15,0.314,2.286,15124.139,731.277,4.014,8.81,78.54,78.47,17.329,0.934,5.085,11368.834,0.867,-5.381,-21.793,339.182,16.4,7925.006,383.187,20.9,69.708,-1.972,-2.379,118.305,227.707,11.01,2446.768,-1.998,-2.396,2430.625,117.525,14.031,21.522,13.04,22.527,27.313,152.566,1254.145,60.64,3155.335,77.278,27.754,17.954,26.878,166.515,1283.72,62.07,3443.828,79.1,30.292,0.07,0.089,0.0,0.0,0.0,0.0,0.0,0.0,0.0,0.0,-1.946,-4.295,216.454,46.327,2.24,4476.657,-3.86,-21.002,10819.473,523.14,2.855,39.377,6.357,1.42,0.0,-0.128,-0.008,29.368,0.0,131.464,1.81,0.0,1.156,1622.902,549.702,17.954,26.878,166.515,1283.72,62.07,3443.828,79.1,30.292,0.0,0.013,0.013,0.207,0.01,0.275,0.013,0.002,-93.964,-0.128,0.008,0.0,0.0,0.169,0.0,0.001
Colombia,2018,COL,49276968.0,650303242240.0,21.629,1.638,186.876,9.209,29.426,1.45,1.854,1.649,187.444,-6.124,-2.966,922.593,45.463,91.726,4.52,-5.091,-37.231,14084.607,694.047,5.779,8.141,78.32,78.21,16.953,1.586,8.717,11332.247,0.859,2.408,9.229,375.632,18.51,7963.477,392.416,23.667,70.273,7.602,8.994,127.299,235.81,11.62,2583.344,5.308,6.239,2511.587,123.763,14.857,22.796,14.66,-1.18,-2.682,149.884,1180.876,58.19,3041.659,74.402,26.841,1.698,-0.512,166.003,1211.519,59.7,3368.769,76.333,29.727,0.11,0.14,0.0,0.0,0.0,0.0,0.0,0.0,0.0,0.0,1.478,3.2,219.654,48.095,2.37,4457.54,1.34,7.008,10758.529,530.148,3.03,39.335,6.764,1.45,0.0,6.405,0.407,29.426,0.0,137.257,1.854,0.0,1.211,1587.151,558.419,1.698,-0.512,166.003,1211.519,59.7,3368.769,76.333,29.727,140.0,0.018,0.032,0.406,0.02,0.644,0.026,0.006,1314.33,0.107,0.115,0.812,0.04,2.332,0.051,0.021
Colombia,2019,COL,50187404.0,671028412416.0,4.451,0.41,191.653,9.619,31.283,1.57,1.993,1.708,240.924,17.991,8.179,1068.833,53.642,161.993,8.13,-1.073,-7.451,13680.647,686.596,10.32,9.525,79.09,78.78,16.901,0.855,4.774,11221.787,0.839,2.382,9.346,479.005,24.04,8005.239,401.762,30.515,71.337,1.106,1.408,128.708,262.217,13.16,2564.542,1.954,2.419,2514.22,126.182,16.705,22.853,18.98,-3.909,-6.389,143.494,1055.643,52.98,2859.172,67.251,25.479,-1.968,-4.573,161.43,1090.712,54.74,3216.548,69.485,28.663,0.31,0.392,0.0,0.0,0.0,0.0,0.0,0.0,0.0,0.0,-0.11,-0.242,219.412,54.795,2.75,4371.863,2.351,12.465,10811.722,542.612,3.491,38.959,7.802,1.57,0.0,15.355,1.039,31.283,0.0,155.46,1.993,0.0,1.385,1569.717,563.192,-1.968,-4.573,161.43,1090.712,54.74,3216.548,69.485,28.663,1000.5,0.316,0.348,2.59,0.13,6.936,0.165,0.062,45.764,0.052,0.167,1.196,0.06,3.326,0.076,0.03
Colombia,2020,COL,50930656.0,622365376512.0,-13.875,-1.335,162.652,8.284,42.214,2.15,2.756,1.616,273.205,-11.487,-6.162,932.245,47.48,183.976,9.37,-36.677,-251.825,8536.529,434.771,12.013,9.263,79.05,78.0,18.442,-8.986,-50.606,10064.389,0.824,-9.428,-37.879,534.256,27.21,7144.673,363.883,34.885,70.99,1.957,2.519,131.227,298.249,15.19,2576.577,-1.293,-1.632,2445.488,124.55,19.474,25.601,21.31,-8.449,-12.607,130.887,951.097,48.44,2569.912,62.103,25.535,-8.325,-12.727,148.703,997.238,50.79,2919.716,65.115,29.01,1.05,1.328,0.0,0.0,0.0,0.0,0.0,0.0,0.0,0.0,-15.604,-34.236,185.176,52.032,2.65,3635.85,-11.583,-62.852,9419.877,479.761,3.397,36.126,9.004,2.15,0.0,15.405,1.202,42.214,0.0,176.792,2.756,0.0,1.757,1531.494,512.586,-8.325,-12.727,148.703,997.238,50.79,2919.716,65.115,29.01,44.48,0.153,0.501,3.731,0.19,9.839,0.244,0.098,-84.018,-0.14,0.027,0.196,0.01,0.522,0.013,0.005
Colombia,2021,COL,51516560.0,690925207552.0,11.909,0.987,179.952,9.271,43.481,2.24,2.653,1.613,196.28,-33.743,-16.021,610.656,31.459,87.351,4.5,8.677,37.725,9171.731,472.496,5.33,5.474,84.54,84.42,17.991,12.127,62.159,11156.515,0.832,9.004,32.763,409.383,21.09,7699.377,396.645,24.982,69.012,-3.78,-4.96,126.266,267.099,13.76,2450.984,0.895,1.114,2439.302,125.664,16.299,21.969,16.57,21.388,27.412,158.3,1178.262,60.7,3072.793,71.902,27.543,19.613,29.397,178.1,1229.313,63.33,3457.138,75.018,30.988,0.12,0.142,0.0,0.0,0.0,0.0,0.0,0.0,0.0,0.0,29.023,53.744,238.92,54.934,2.83,4637.737,-5.984,-28.708,8755.489,451.053,3.352,41.57,9.526,2.24,0.0,5.798,0.522,43.481,0.0,184.915,2.653,0.0,1.657,1638.696,574.745,19.613,29.397,178.1,1229.313,63.33,3457.138,75.018,30.988,69.292,0.344,0.845,6.406,0.33,16.407,0.391,0.147,497.53,0.132,0.158,1.165,0.06,3.071,0.071,0.028
Colombia,2022,COL,51874028.0,742716997632.0,9.439,0.875,195.58,10.146,42.025,2.18,2.558,1.663,214.881,-9.874,-3.106,546.565,28.353,84.821,4.4,-2.006,-9.478,8925.809,463.018,5.164,4.647,85.64,85.21,17.289,6.146,35.322,11760.556,0.821,6.242,24.76,460.924,23.91,8123.639,421.406,28.06,69.075,-0.329,-0.416,125.85,323.09,16.76,2426.076,-1.068,-1.342,2396.629,124.323,19.669,20.629,18.31,6.349,9.436,167.736,1132.166,58.73,3233.525,68.924,27.495,6.606,10.562,188.662,1181.709,61.3,3636.917,71.94,30.925,0.43,0.502,0.0,0.0,0.0,0.0,0.0,0.0,0.0,0.0,11.838,28.283,267.203,53.013,2.75,5150.997,2.433,10.975,8906.723,462.028,3.227,43.799,9.275,2.18,0.0,-2.642,-0.252,42.025,0.0,178.789,2.558,0.0,1.52,1642.633,610.067,6.606,10.562,188.662,1181.709,61.3,3636.917,71.94,30.925,55.596,0.465,1.31,6.362,0.33,25.26,0.387,0.215,23.83,0.037,0.195,1.157,0.06,3.763,0.07,0.032
Colombia,2023,COL,52085168.0,0.0,20.55,2.085,234.815,12.23,41.855,2.18,2.513,1.952,259.511,52.911,15.001,832.368,43.354,163.386,8.51,-5.882,-27.236,8366.706,435.781,9.811,6.92,87.17,86.74,16.835,2.691,16.418,12028.095,0.0,5.676,23.919,558.124,29.07,8549.937,445.325,33.514,71.083,3.73,4.694,130.544,337.908,17.6,2506.364,-2.985,-3.711,2315.669,120.612,20.291,20.838,22.51,-6.999,-12.306,155.43,1041.371,54.24,2984.148,62.532,24.81,-1.809,-7.501,181.16,1107.225,57.67,3478.158,66.486,28.917,0.43,0.493,0.0,0.0,0.0,0.0,0.0,0.0,0.0,0.0,1.581,4.224,271.426,56.83,2.96,5211.205,3.046,14.074,9140.83,476.102,3.412,43.325,9.855,2.18,0.0,6.254,0.58,41.855,0.0,189.201,2.513,0.0,1.573,1665.349,626.485,-1.809,-7.501,181.16,1107.225,57.67,3478.158,66.486,28.917,138.731,1.806,3.117,19.967,1.04,59.84,1.199,0.498,171.902,0.334,0.529,4.032,0.21,10.154,0.242,0.084
